# Forward reconstruction (consistency check), model R3: E=344 kJ/mol, lnA=58.6. T (C), alpha experimental and modelled for each beta.
T_C_1K,alpha_exp_1K,alpha_model_1K,T_C_3K,alpha_exp_3K,alpha_model_3K,T_C_5K,alpha_exp_5K,alpha_model_5K
331.103,0.0200472,1e-09,342.297,0.0200302,1e-09,348.555,0.0200635,1e-09
331.137,0.0201608,0.000305939,342.329,0.0201438,0.000335401,348.587,0.0201771,0.000393078
331.171,0.0202751,0.000612995,342.361,0.0202581,0.000671905,348.619,0.0202914,0.000787394
331.205,0.02039,0.00092117,342.393,0.020373,0.00100952,348.651,0.0204063,0.00118295
331.239,0.0205056,0.00123047,342.425,0.0204886,0.00134824,348.683,0.0205219,0.00157976
331.273,0.0206218,0.0015409,342.457,0.0206048,0.00168807,348.715,0.0206381,0.00197782
331.307,0.0207387,0.00185246,342.489,0.0207218,0.00202902,348.746,0.020755,0.00237713
331.341,0.0208563,0.00216515,342.521,0.0208393,0.00237109,348.778,0.0208726,0.00277769
331.374,0.0209746,0.00247899,342.553,0.0209576,0.00271428,348.81,0.0209909,0.00317952
331.408,0.0210935,0.00279396,342.586,0.0210765,0.0030586,348.842,0.0211098,0.00358261
331.442,0.0212131,0.00311009,342.618,0.0211962,0.00340405,348.874,0.0212294,0.00398697
331.476,0.0213334,0.00342736,342.65,0.0213165,0.00375063,348.906,0.0213497,0.00439259
331.51,0.0214544,0.00374579,342.682,0.0214375,0.00409835,348.937,0.0214707,0.0047995
331.544,0.0215761,0.00406537,342.714,0.0215592,0.0044472,348.969,0.0215924,0.00520768
331.578,0.0216985,0.00438612,342.746,0.0216815,0.0047972,349.001,0.0217148,0.00561714
331.612,0.0218216,0.00470804,342.778,0.0218046,0.00514835,349.033,0.0218379,0.00602788
331.646,0.0219454,0.00503112,342.81,0.0219284,0.00550064,349.065,0.0219617,0.00643992
331.68,0.0220699,0.00535538,342.842,0.0220529,0.00585409,349.097,0.0220862,0.00685324
331.714,0.0221951,0.00568081,342.874,0.0221782,0.00620869,349.129,0.0222114,0.00726786
331.748,0.0223211,0.00600742,342.906,0.0223041,0.00656446,349.16,0.0223374,0.00768378
331.782,0.0224477,0.00633522,342.939,0.0224308,0.00692138,349.192,0.022464,0.008101
331.816,0.0225751,0.00666421,342.971,0.0225582,0.00727947,349.224,0.0225914,0.00851952
331.85,0.0227032,0.00699439,343.003,0.0226863,0.00763873,349.256,0.0227195,0.00893936
331.883,0.0228321,0.00732577,343.035,0.0228152,0.00799917,349.288,0.0228484,0.00936051
331.917,0.0229617,0.00765834,343.067,0.0229448,0.00836077,349.32,0.022978,0.00978297
331.951,0.023092,0.00799212,343.099,0.0230751,0.00872356,349.352,0.0231083,0.0102068
331.985,0.0232231,0.00832711,343.131,0.0232062,0.00908754,349.383,0.0232394,0.0106319
332.019,0.023355,0.00866331,343.163,0.0233381,0.00945269,349.415,0.0233713,0.0110583
332.053,0.0234876,0.00900073,343.195,0.0234707,0.00981904,349.447,0.0235039,0.0114861
332.087,0.023621,0.00933937,343.227,0.023604,0.0101866,349.479,0.0236372,0.0119152
332.121,0.0237551,0.00967923,343.26,0.0237382,0.0105553,349.511,0.0237714,0.0123456
332.155,0.02389,0.0100203,343.292,0.0238731,0.0109253,349.543,0.0239063,0.0127774
332.189,0.0240257,0.0103626,343.324,0.0240088,0.0112964,349.574,0.024042,0.0132105
332.223,0.0241621,0.0107062,343.356,0.0241452,0.0116687,349.606,0.0241784,0.0136449
332.257,0.0242994,0.011051,343.388,0.0242825,0.0120423,349.638,0.0243157,0.0140808
332.291,0.0244374,0.011397,343.42,0.0244205,0.0124171,349.67,0.0244537,0.0145179
332.325,0.0245763,0.0117443,343.452,0.0245594,0.0127931,349.702,0.0245925,0.0149565
332.359,0.0247159,0.0120929,343.484,0.024699,0.0131703,349.734,0.0247321,0.0153964
332.393,0.0248563,0.0124427,343.516,0.0248394,0.0135487,349.766,0.0248726,0.0158376
332.426,0.0249976,0.0127937,343.548,0.0249807,0.0139284,349.797,0.0250138,0.0162803
332.46,0.0251396,0.013146,343.58,0.0251227,0.0143093,349.829,0.0251559,0.0167243
332.494,0.0252825,0.0134996,343.613,0.0252656,0.0146914,349.861,0.0252987,0.0171697
332.528,0.0254262,0.0138545,343.645,0.0254093,0.0150748,349.893,0.0254424,0.0176164
332.562,0.0255707,0.0142106,343.677,0.0255538,0.0154594,349.925,0.0255869,0.0180646
332.596,0.0257161,0.014568,343.709,0.0256992,0.0158452,349.957,0.0257323,0.0185141
332.63,0.0258622,0.0149267,343.741,0.0258454,0.0162323,349.988,0.0258785,0.018965
332.664,0.0260093,0.0152867,343.773,0.0259924,0.0166207,350.02,0.0260255,0.0194173
332.698,0.0261571,0.015648,343.805,0.0261403,0.0170103,350.052,0.0261734,0.0198711
332.732,0.0263059,0.0160106,343.837,0.026289,0.0174012,350.084,0.0263221,0.0203262
332.766,0.0264555,0.0163745,343.869,0.0264386,0.0177933,350.116,0.0264717,0.0207827
332.8,0.0266059,0.0167397,343.901,0.026589,0.0181867,350.148,0.0266221,0.0212407
332.834,0.0267572,0.0171062,343.934,0.0267404,0.0185814,350.18,0.0267734,0.0217
332.868,0.0269094,0.017474,343.966,0.0268925,0.0189773,350.211,0.0269256,0.0221608
332.902,0.0270625,0.0178431,343.998,0.0270456,0.0193745,350.243,0.0270787,0.022623
332.935,0.0272164,0.0182136,344.03,0.0271995,0.019773,350.275,0.0272326,0.0230866
332.969,0.0273712,0.0185853,344.062,0.0273544,0.0201728,350.307,0.0273874,0.0235516
333.003,0.027527,0.0189584,344.094,0.0275101,0.0205739,350.339,0.0275432,0.0240181
333.037,0.0276836,0.0193329,344.126,0.0276667,0.0209762,350.371,0.0276998,0.024486
333.071,0.0278411,0.0197087,344.158,0.0278242,0.0213799,350.402,0.0278573,0.0249554
333.105,0.0279995,0.0200858,344.19,0.0279827,0.0217849,350.434,0.0280157,0.0254262
333.139,0.0281589,0.0204642,344.222,0.028142,0.0221911,350.466,0.0281751,0.0258984
333.173,0.0283191,0.0208441,344.254,0.0283023,0.0225987,350.498,0.0283353,0.0263721
333.207,0.0284803,0.0212252,344.287,0.0284635,0.0230076,350.53,0.0284965,0.0268473
333.241,0.0286424,0.0216078,344.319,0.0286256,0.0234178,350.562,0.0286586,0.0273239
333.275,0.0288055,0.0219917,344.351,0.0287886,0.0238293,350.594,0.0288217,0.0278019
333.309,0.0289695,0.022377,344.383,0.0289526,0.0242421,350.625,0.0289856,0.0282815
333.343,0.0291344,0.0227636,344.415,0.0291176,0.0246562,350.657,0.0291506,0.0287625
333.377,0.0293003,0.0231516,344.447,0.0292834,0.0250717,350.689,0.0293164,0.029245
333.411,0.0294671,0.023541,344.479,0.0294503,0.0254885,350.721,0.0294833,0.0297289
333.444,0.0296349,0.0239318,344.511,0.0296181,0.0259067,350.753,0.0296511,0.0302143
333.478,0.0298037,0.024324,344.543,0.0297869,0.0263262,350.785,0.0298198,0.0307013
333.512,0.0299734,0.0247176,344.575,0.0299566,0.026747,350.816,0.0299896,0.0311897
333.546,0.0301441,0.0251125,344.608,0.0301273,0.0271692,350.848,0.0301603,0.0316796
333.58,0.0303158,0.0255089,344.64,0.030299,0.0275927,350.88,0.030332,0.032171
333.614,0.0304885,0.0259067,344.672,0.0304717,0.0280176,350.912,0.0305047,0.0326639
333.648,0.0306622,0.0263059,344.704,0.0306454,0.0284438,350.944,0.0306784,0.0331583
333.682,0.0308369,0.0267065,344.736,0.0308201,0.0288714,350.976,0.0308531,0.0336542
333.716,0.0310126,0.0271085,344.768,0.0309958,0.0293004,351.008,0.0310288,0.0341516
333.75,0.0311893,0.027512,344.8,0.0311726,0.0297307,351.039,0.0312055,0.0346505
333.784,0.0313671,0.0279169,344.832,0.0313503,0.0301624,351.071,0.0313832,0.035151
333.818,0.0315458,0.0283232,344.864,0.0315291,0.0305955,351.103,0.031562,0.0356529
333.852,0.0317256,0.028731,344.896,0.0317089,0.0310299,351.135,0.0317418,0.0361565
333.886,0.0319065,0.0291402,344.928,0.0318897,0.0314658,351.167,0.0319226,0.0366615
333.92,0.0320883,0.0295508,344.961,0.0320716,0.031903,351.199,0.0321045,0.0371681
333.953,0.0322713,0.0299629,344.993,0.0322545,0.0323416,351.23,0.0322874,0.0376762
333.987,0.0324552,0.0303765,345.025,0.0324385,0.0327817,351.262,0.0324714,0.0381858
334.021,0.0326403,0.0307915,345.057,0.0326235,0.0332231,351.294,0.0326564,0.038697
334.055,0.0328264,0.031208,345.089,0.0328096,0.0336659,351.326,0.0328425,0.0392097
334.089,0.0330136,0.031626,345.121,0.0329968,0.0341101,351.358,0.0330297,0.039724
334.123,0.0332018,0.0320454,345.153,0.0331851,0.0345558,351.39,0.0332179,0.0402399
334.157,0.0333912,0.0324663,345.185,0.0333744,0.0350028,351.422,0.0334073,0.0407573
334.191,0.0335816,0.0328887,345.217,0.0335649,0.0354513,351.453,0.0335977,0.0412763
334.225,0.0337732,0.0333126,345.249,0.0337564,0.0359012,351.485,0.0337893,0.0417968
334.259,0.0339658,0.033738,345.282,0.0339491,0.0363525,351.517,0.0339819,0.042319
334.293,0.0341596,0.0341649,345.314,0.0341428,0.0368052,351.549,0.0341757,0.0428427
334.327,0.0343544,0.0345933,345.346,0.0343377,0.0372594,351.581,0.0343705,0.0433679
334.361,0.0345504,0.0350231,345.378,0.0345337,0.037715,351.613,0.0345665,0.0438948
334.395,0.0347476,0.0354545,345.41,0.0347308,0.0381721,351.644,0.0347637,0.0444233
334.429,0.0349458,0.0358875,345.442,0.0349291,0.0386306,351.676,0.0349619,0.0449533
334.462,0.0351453,0.0363219,345.474,0.0351285,0.0390905,351.708,0.0351613,0.0454849
334.496,0.0353458,0.0367579,345.506,0.0353291,0.0395519,351.74,0.0353619,0.0460182
334.53,0.0355475,0.0371953,345.538,0.0355308,0.0400148,351.772,0.0355636,0.046553
334.564,0.0357504,0.0376344,345.57,0.0357337,0.0404791,351.804,0.0357665,0.0470895
334.598,0.0359545,0.0380749,345.602,0.0359378,0.0409449,351.836,0.0359706,0.0476276
334.632,0.0361597,0.0385171,345.635,0.036143,0.0414121,351.867,0.0361758,0.0481672
334.666,0.0363662,0.0389607,345.667,0.0363495,0.0418809,351.899,0.0363822,0.0487085
334.7,0.0365738,0.0394059,345.699,0.0365571,0.0423511,351.931,0.0365898,0.0492515
334.734,0.0367826,0.0398527,345.731,0.0367659,0.0428228,351.963,0.0367986,0.049796
334.768,0.0369926,0.040301,345.763,0.0369759,0.0432959,351.995,0.0370087,0.0503422
334.802,0.0372038,0.0407509,345.795,0.0371872,0.0437706,352.027,0.0372199,0.05089
334.836,0.0374163,0.0412024,345.827,0.0373996,0.0442467,352.058,0.0374323,0.0514395
334.87,0.03763,0.0416554,345.859,0.0376133,0.0447244,352.09,0.037646,0.0519906
334.904,0.0378449,0.0421101,345.891,0.0378282,0.0452035,352.122,0.0378609,0.0525434
334.938,0.038061,0.0425663,345.923,0.0380444,0.0456841,352.154,0.0380771,0.0530978
334.971,0.0382784,0.0430241,345.956,0.0382618,0.0461663,352.186,0.0382945,0.0536538
335.005,0.0384971,0.0434835,345.988,0.0384804,0.04665,352.218,0.0385131,0.0542116
335.039,0.038717,0.0439445,346.02,0.0387004,0.0471351,352.25,0.038733,0.0547709
335.073,0.0389382,0.0444071,346.052,0.0389216,0.0476218,352.281,0.0389542,0.055332
335.107,0.0391607,0.0448714,346.084,0.039144,0.0481101,352.313,0.0391767,0.0558947
335.141,0.0393844,0.0453372,346.116,0.0393678,0.0485998,352.345,0.0394004,0.0564591
335.175,0.0396095,0.0458047,346.148,0.0395928,0.0490911,352.377,0.0396255,0.0570252
335.209,0.0398358,0.0462737,346.18,0.0398192,0.0495839,352.409,0.0398518,0.057593
335.243,0.0400635,0.0467444,346.212,0.0400468,0.0500783,352.441,0.0400795,0.0581624
335.277,0.0402924,0.0472168,346.244,0.0402758,0.0505742,352.473,0.0403084,0.0587336
335.311,0.0405227,0.0476908,346.277,0.0405061,0.0510716,352.504,0.0405387,0.0593064
335.345,0.0407543,0.0481664,346.309,0.0407377,0.0515706,352.536,0.0407703,0.0598809
335.379,0.0409873,0.0486437,346.341,0.0409707,0.0520711,352.568,0.0410033,0.0604572
335.413,0.0412216,0.0491226,346.373,0.041205,0.0525733,352.6,0.0412376,0.0610351
335.447,0.0414572,0.0496032,346.405,0.0414406,0.0530769,352.632,0.0414732,0.0616148
335.481,0.0416942,0.0500855,346.437,0.0416776,0.0535822,352.664,0.0417102,0.0621962
335.514,0.0419326,0.0505694,346.469,0.041916,0.054089,352.695,0.0419486,0.0627793
335.548,0.0421724,0.051055,346.501,0.0421558,0.0545974,352.727,0.0421883,0.0633641
335.582,0.0424135,0.0515423,346.533,0.0423969,0.0551074,352.759,0.0424295,0.0639506
335.616,0.042656,0.0520313,346.565,0.0426394,0.0556189,352.791,0.042672,0.0645389
335.65,0.0429,0.0525219,346.597,0.0428834,0.056132,352.823,0.0429159,0.0651289
335.684,0.0431453,0.0530142,346.63,0.0431287,0.0566468,352.855,0.0431613,0.0657207
335.718,0.0433921,0.0535083,346.662,0.0433755,0.0571631,352.887,0.043408,0.0663142
335.752,0.0436402,0.054004,346.694,0.0436237,0.057681,352.918,0.0436562,0.0669094
335.786,0.0438899,0.0545015,346.726,0.0438733,0.0582006,352.95,0.0439058,0.0675064
335.82,0.0441409,0.0550007,346.758,0.0441243,0.0587217,352.982,0.0441568,0.0681052
335.854,0.0443934,0.0555015,346.79,0.0443769,0.0592445,353.014,0.0444093,0.0687057
335.888,0.0446474,0.0560042,346.822,0.0446308,0.0597688,353.046,0.0446633,0.0693079
335.922,0.0449028,0.0565085,346.854,0.0448862,0.0602948,353.078,0.0449187,0.069912
335.956,0.0451597,0.0570146,346.886,0.0451432,0.0608224,353.109,0.0451756,0.0705178
335.99,0.0454181,0.0575224,346.918,0.0454015,0.0613517,353.141,0.045434,0.0711254
336.023,0.045678,0.0580319,346.951,0.0456614,0.0618826,353.173,0.0456939,0.0717348
336.057,0.0459393,0.0585432,346.983,0.0459228,0.0624151,353.205,0.0459552,0.0723459
336.091,0.0462022,0.0590563,347.015,0.0461857,0.0629492,353.237,0.0462181,0.0729589
336.125,0.0464666,0.0595711,347.047,0.0464501,0.063485,353.269,0.0464825,0.0735736
336.159,0.0467325,0.0600877,347.079,0.046716,0.0640225,353.301,0.0467484,0.0741901
336.193,0.047,0.060606,347.111,0.0469835,0.0645616,353.332,0.0470159,0.0748085
336.227,0.047269,0.0611261,347.143,0.0472525,0.0651023,353.364,0.0472849,0.0754286
336.261,0.0475395,0.061648,347.175,0.047523,0.0656448,353.396,0.0475554,0.0760506
336.295,0.0478116,0.0621717,347.207,0.0477951,0.0661888,353.428,0.0478275,0.0766743
336.329,0.0480853,0.0626972,347.239,0.0480688,0.0667346,353.46,0.0481012,0.0772999
336.363,0.0483606,0.0632245,347.271,0.0483441,0.067282,353.492,0.0483764,0.0779273
336.397,0.0486374,0.0637535,347.304,0.048621,0.0678311,353.523,0.0486533,0.0785565
336.431,0.0489159,0.0642844,347.336,0.0488994,0.0683819,353.555,0.0489317,0.0791876
336.465,0.0491959,0.0648171,347.368,0.0491795,0.0689344,353.587,0.0492118,0.0798204
336.499,0.0494776,0.0653516,347.4,0.0494611,0.0694886,353.619,0.0494934,0.0804552
336.532,0.0497609,0.0658879,347.432,0.0497444,0.0700444,353.651,0.0497767,0.0810917
336.566,0.0500458,0.066426,347.464,0.0500293,0.070602,353.683,0.0500616,0.0817301
336.6,0.0503324,0.066966,347.496,0.0503159,0.0711613,353.715,0.0503482,0.0823704
336.634,0.0506206,0.0675078,347.528,0.0506041,0.0717222,353.746,0.0506364,0.0830125
336.668,0.0509105,0.0680514,347.56,0.050894,0.0722849,353.778,0.0509263,0.0836565
336.702,0.051202,0.0685969,347.592,0.0511856,0.0728493,353.81,0.0512178,0.0843023
336.736,0.0514952,0.0691443,347.625,0.0514788,0.0734155,353.842,0.051511,0.08495
336.77,0.0517902,0.0696934,347.657,0.0517737,0.0739833,353.874,0.051806,0.0855995
336.804,0.0520868,0.0702445,347.689,0.0520703,0.0745529,353.906,0.0521026,0.086251
336.838,0.0523851,0.0707974,347.721,0.0523687,0.0751242,353.937,0.0524009,0.0869043
336.872,0.0526851,0.0713522,347.753,0.0526687,0.0756972,353.969,0.0527009,0.0875595
336.906,0.0529869,0.0719089,347.785,0.0529705,0.076272,354.001,0.0530027,0.0882166
336.94,0.0532904,0.0724674,347.817,0.053274,0.0768485,354.033,0.0533062,0.0888755
336.974,0.0535957,0.0730279,347.849,0.0535793,0.0774268,354.065,0.0536115,0.0895364
337.008,0.0539027,0.0735902,347.881,0.0538863,0.0780068,354.097,0.0539185,0.0901992
337.041,0.0542115,0.0741545,347.913,0.0541951,0.0785886,354.129,0.0542273,0.0908638
337.075,0.0545221,0.0747206,347.945,0.0545057,0.0791722,354.16,0.0545378,0.0915304
337.109,0.0548344,0.0752886,347.978,0.054818,0.0797575,354.192,0.0548502,0.0921989
337.143,0.0551486,0.0758586,348.01,0.0551322,0.0803446,354.224,0.0551643,0.0928693
337.177,0.0554645,0.0764305,348.042,0.0554482,0.0809335,354.256,0.0554803,0.0935416
337.211,0.0557823,0.0770043,348.074,0.0557659,0.0815241,354.288,0.055798,0.0942158
337.245,0.0561019,0.07758,348.106,0.0560855,0.0821165,354.32,0.0561176,0.094892
337.279,0.0564233,0.0781577,348.138,0.056407,0.0827107,354.351,0.0564391,0.09557
337.313,0.0567466,0.0787373,348.17,0.0567303,0.0833067,354.383,0.0567624,0.0962501
337.347,0.0570718,0.0793188,348.202,0.0570555,0.0839045,354.415,0.0570875,0.096932
337.381,0.0573988,0.0799023,348.234,0.0573825,0.0845041,354.447,0.0574145,0.0976159
337.415,0.0577277,0.0804878,348.266,0.0577114,0.0851056,354.479,0.0577434,0.0983018
337.449,0.0580585,0.0810752,348.299,0.0580422,0.0857088,354.511,0.0580742,0.0989896
337.483,0.0583912,0.0816646,348.331,0.0583749,0.0863138,354.543,0.0584069,0.0996794
337.517,0.0587258,0.0822559,348.363,0.0587095,0.0869206,354.574,0.0587415,0.100371
337.55,0.0590624,0.0828492,348.395,0.0590461,0.0875293,354.606,0.059078,0.101065
337.584,0.0594008,0.0834446,348.427,0.0593845,0.0881398,354.638,0.0594165,0.10176
337.618,0.0597412,0.0840419,348.459,0.059725,0.0887521,354.67,0.0597569,0.102458
337.652,0.0600836,0.0846412,348.491,0.0600673,0.0893663,354.702,0.0600993,0.103158
337.686,0.060428,0.0852425,348.523,0.0604117,0.0899823,354.734,0.0604436,0.103859
337.72,0.0607743,0.0858457,348.555,0.060758,0.0906001,354.765,0.0607899,0.104563
337.754,0.0611226,0.0864511,348.587,0.0611063,0.0912198,354.797,0.0611382,0.105268
337.788,0.0614729,0.0870584,348.619,0.0614566,0.0918413,354.829,0.0614885,0.105976
337.822,0.0618252,0.0876677,348.652,0.0618089,0.0924647,354.861,0.0618408,0.106685
337.856,0.0621795,0.0882791,348.684,0.0621633,0.09309,354.893,0.0621952,0.107397
337.89,0.0625359,0.0888925,348.716,0.0625197,0.0937171,354.925,0.0625515,0.10811
337.924,0.0628943,0.0895079,348.748,0.0628781,0.0943461,354.957,0.0629099,0.108826
337.958,0.0632548,0.0901254,348.78,0.0632386,0.0949769,354.988,0.0632704,0.109543
337.992,0.0636174,0.0907449,348.812,0.0636011,0.0956097,355.02,0.063633,0.110263
338.026,0.063982,0.0913665,348.844,0.0639658,0.0962443,355.052,0.0639976,0.110985
338.059,0.0643487,0.0919901,348.876,0.0643325,0.0968808,355.084,0.0643643,0.111708
338.093,0.0647175,0.0926158,348.908,0.0647013,0.0975192,355.116,0.0647331,0.112434
338.127,0.0650884,0.0932436,348.94,0.0650722,0.0981594,355.148,0.065104,0.113161
338.161,0.0654615,0.0938734,348.973,0.0654453,0.0988016,355.179,0.0654771,0.113891
338.195,0.0658367,0.0945053,349.005,0.0658205,0.0994457,355.211,0.0658523,0.114623
338.229,0.0662141,0.0951393,349.037,0.0661979,0.100092,355.243,0.0662296,0.115357
338.263,0.0665936,0.0957754,349.069,0.0665774,0.10074,355.275,0.0666091,0.116093
338.297,0.0669753,0.0964136,349.101,0.0669591,0.101389,355.307,0.0669908,0.11683
338.331,0.0673591,0.0970539,349.133,0.067343,0.102041,355.339,0.0673747,0.11757
338.365,0.0677452,0.0976963,349.165,0.067729,0.102695,355.371,0.0677607,0.118312
338.399,0.0681335,0.0983408,349.197,0.0681173,0.10335,355.402,0.068149,0.119056
338.433,0.068524,0.0989875,349.229,0.0685078,0.104008,355.434,0.0685395,0.119803
338.467,0.0689167,0.0996362,349.261,0.0689006,0.104667,355.466,0.0689322,0.120551
338.501,0.0693117,0.100287,349.293,0.0692956,0.105329,355.498,0.0693272,0.121301
338.535,0.069709,0.10094,349.326,0.0696928,0.105992,355.53,0.0697245,0.122053
338.569,0.0701085,0.101595,349.358,0.0700924,0.106657,355.562,0.070124,0.122808
338.602,0.0705103,0.102253,349.39,0.0704942,0.107325,355.594,0.0705258,0.123564
338.636,0.0709144,0.102912,349.422,0.0708983,0.107994,355.625,0.0709299,0.124323
338.67,0.0713208,0.103574,349.454,0.0713047,0.108665,355.657,0.0713363,0.125084
338.704,0.0717295,0.104237,349.486,0.0717134,0.109338,355.689,0.071745,0.125846
338.738,0.0721406,0.104903,349.518,0.0721245,0.110013,355.721,0.0721561,0.126611
338.772,0.072554,0.105571,349.55,0.072538,0.11069,355.753,0.0725695,0.127378
338.806,0.0729698,0.106242,349.582,0.0729537,0.111369,355.785,0.0729853,0.128147
338.84,0.073388,0.106914,349.614,0.0733719,0.11205,355.816,0.0734034,0.128919
338.874,0.0738085,0.107589,349.647,0.0737925,0.112733,355.848,0.0738239,0.129692
338.908,0.0742314,0.108266,349.679,0.0742154,0.113419,355.88,0.0742469,0.130467
338.942,0.0746568,0.108945,349.711,0.0746408,0.114106,355.912,0.0746722,0.131245
338.976,0.0750846,0.109626,349.743,0.0750686,0.114795,355.944,0.0751,0.132025
339.01,0.0755148,0.110309,349.775,0.0754988,0.115486,355.976,0.0755302,0.132807
339.044,0.0759475,0.110995,349.807,0.0759315,0.116179,356.008,0.0759629,0.133591
339.078,0.0763826,0.111683,349.839,0.0763666,0.116874,356.039,0.076398,0.134377
339.111,0.0768203,0.112373,349.871,0.0768043,0.117571,356.071,0.0768357,0.135165
339.145,0.0772604,0.113065,349.903,0.0772444,0.11827,356.103,0.0772758,0.135956
339.179,0.077703,0.11376,349.935,0.077687,0.118971,356.135,0.0777184,0.136748
339.213,0.0781482,0.114457,349.968,0.0781322,0.119674,356.167,0.0781635,0.137543
339.247,0.0785958,0.115156,350,0.0785799,0.120379,356.199,0.0786112,0.13834
339.281,0.0790461,0.115857,350.032,0.0790301,0.121087,356.23,0.0790614,0.139139
339.315,0.0794989,0.116561,350.064,0.0794829,0.121796,356.262,0.0795142,0.13994
339.349,0.0799542,0.117267,350.096,0.0799383,0.122507,356.294,0.0799696,0.140744
339.383,0.0804122,0.117975,350.128,0.0803963,0.12322,356.326,0.0804275,0.141549
339.417,0.0808728,0.118685,350.16,0.0808568,0.123936,356.358,0.0808881,0.142357
339.451,0.0813359,0.119398,350.192,0.08132,0.124653,356.39,0.0813513,0.143167
339.485,0.0818018,0.120113,350.224,0.0817859,0.125373,356.422,0.0818171,0.143979
339.519,0.0822702,0.12083,350.256,0.0822543,0.126095,356.453,0.0822855,0.144793
339.553,0.0827413,0.12155,350.288,0.0827255,0.126818,356.485,0.0827566,0.14561
339.587,0.0832151,0.122272,350.321,0.0831993,0.127544,356.517,0.0832304,0.146429
339.62,0.0836916,0.122996,350.353,0.0836758,0.128272,356.549,0.0837069,0.147249
339.654,0.0841708,0.123722,350.385,0.084155,0.129002,356.581,0.0841861,0.148073
339.688,0.0846527,0.124451,350.417,0.0846369,0.129734,356.613,0.084668,0.148898
339.722,0.0851374,0.125182,350.449,0.0851215,0.130468,356.644,0.0851526,0.149725
339.756,0.0856248,0.125916,350.481,0.0856089,0.131204,356.676,0.08564,0.150555
339.79,0.0861149,0.126652,350.513,0.0860991,0.131942,356.708,0.0861302,0.151387
339.824,0.0866079,0.12739,350.545,0.086592,0.132683,356.74,0.0866231,0.152221
339.858,0.0871036,0.12813,350.577,0.0870878,0.133425,356.772,0.0871188,0.153058
339.892,0.0876021,0.128873,350.609,0.0875863,0.13417,356.804,0.0876173,0.153897
339.926,0.0881035,0.129618,350.642,0.0880877,0.134917,356.836,0.0881187,0.154737
339.96,0.0886077,0.130366,350.674,0.0885919,0.135666,356.867,0.0886229,0.155581
339.994,0.0891147,0.131116,350.706,0.089099,0.136417,356.899,0.0891299,0.156426
340.028,0.0896247,0.131868,350.738,0.0896089,0.13717,356.931,0.0896398,0.157274
340.062,0.0901375,0.132623,350.77,0.0901217,0.137925,356.963,0.0901526,0.158123
340.096,0.0906532,0.13338,350.802,0.0906374,0.138683,356.995,0.0906683,0.158976
340.129,0.0911718,0.134139,350.834,0.091156,0.139442,357.027,0.0911869,0.15983
340.163,0.0916933,0.134901,350.866,0.0916776,0.140204,357.058,0.0917084,0.160687
340.197,0.0922178,0.135666,350.898,0.0922021,0.140968,357.09,0.0922329,0.161546
340.231,0.0927452,0.136432,350.93,0.0927295,0.141734,357.122,0.0927604,0.162407
340.265,0.0932757,0.137201,350.962,0.0932599,0.142502,357.154,0.0932908,0.16327
340.299,0.0938091,0.137973,350.995,0.0937934,0.143272,357.186,0.0938242,0.164136
340.333,0.0943455,0.138747,351.027,0.0943298,0.144045,357.218,0.0943606,0.165004
340.367,0.0948849,0.139523,351.059,0.0948692,0.144819,357.25,0.0949,0.165874
340.401,0.0954274,0.140302,351.091,0.0954117,0.145596,357.281,0.0954425,0.166747
340.435,0.095973,0.141083,351.123,0.0959573,0.146375,357.313,0.095988,0.167622
340.469,0.0965216,0.141867,351.155,0.0965059,0.147157,357.345,0.0965366,0.168499
340.503,0.0970733,0.142653,351.187,0.0970576,0.14794,357.377,0.0970883,0.169378
340.537,0.0976281,0.143442,351.219,0.0976124,0.148726,357.409,0.0976431,0.17026
340.571,0.098186,0.144233,351.251,0.0981704,0.149514,357.441,0.098201,0.171144
340.605,0.098747,0.145026,351.283,0.0987314,0.150304,357.472,0.0987621,0.17203
340.638,0.0993112,0.145822,351.316,0.0992956,0.151096,357.504,0.0993263,0.172919
340.672,0.0998786,0.146621,351.348,0.099863,0.15189,357.536,0.0998936,0.17381
340.706,0.100449,0.147422,351.38,0.100434,0.152687,357.568,0.100464,0.174703
340.74,0.101023,0.148225,351.412,0.101007,0.153486,357.6,0.101038,0.175599
340.774,0.1016,0.149031,351.444,0.101584,0.154287,357.632,0.101615,0.176497
340.808,0.10218,0.149839,351.476,0.102165,0.15509,357.664,0.102195,0.177397
340.842,0.102764,0.15065,351.508,0.102748,0.155896,357.695,0.102779,0.1783
340.876,0.10335,0.151464,351.54,0.103335,0.156703,357.727,0.103365,0.179205
340.91,0.10394,0.15228,351.572,0.103925,0.157513,357.759,0.103955,0.180112
340.944,0.104534,0.153098,351.604,0.104518,0.158326,357.791,0.104549,0.181021
340.978,0.10513,0.153919,351.636,0.105115,0.15914,357.823,0.105145,0.181933
341.012,0.10573,0.154743,351.669,0.105715,0.159957,357.855,0.105745,0.182848
341.046,0.106334,0.155569,351.701,0.106318,0.160776,357.886,0.106349,0.183764
341.08,0.10694,0.156397,351.733,0.106925,0.161597,357.918,0.106955,0.184683
341.114,0.107551,0.157229,351.765,0.107535,0.162421,357.95,0.107565,0.185605
341.147,0.108164,0.158062,351.797,0.108149,0.163247,357.982,0.108179,0.186528
341.181,0.108781,0.158899,351.829,0.108766,0.164075,358.014,0.108796,0.187454
341.215,0.109401,0.159737,351.861,0.109386,0.164905,358.046,0.109416,0.188383
341.249,0.110025,0.160579,351.893,0.11001,0.165738,358.078,0.11004,0.189314
341.283,0.110652,0.161423,351.925,0.110637,0.166572,358.109,0.110667,0.190247
341.317,0.111283,0.162269,351.957,0.111268,0.16741,358.141,0.111298,0.191182
341.351,0.111918,0.163118,351.99,0.111902,0.168249,358.173,0.111932,0.19212
341.385,0.112555,0.16397,352.022,0.11254,0.169091,358.205,0.11257,0.19306
341.419,0.113197,0.164825,352.054,0.113181,0.169935,358.237,0.113212,0.194003
341.453,0.113842,0.165681,352.086,0.113826,0.170781,358.269,0.113857,0.194948
341.487,0.11449,0.166541,352.118,0.114475,0.17163,358.3,0.114505,0.195896
341.521,0.115142,0.167403,352.15,0.115127,0.172481,358.332,0.115157,0.196845
341.555,0.115798,0.168268,352.182,0.115783,0.173334,358.364,0.115813,0.197798
341.589,0.116458,0.169135,352.214,0.116442,0.17419,358.396,0.116472,0.198752
341.623,0.117121,0.170005,352.246,0.117105,0.175048,358.428,0.117135,0.199709
341.656,0.117787,0.170878,352.278,0.117772,0.175908,358.46,0.117802,0.200669
341.69,0.118458,0.171753,352.31,0.118442,0.17677,358.492,0.118472,0.201631
341.724,0.119132,0.172631,352.343,0.119117,0.177635,358.523,0.119147,0.202595
341.758,0.11981,0.173512,352.375,0.119794,0.178503,358.555,0.119824,0.203562
341.792,0.120491,0.174395,352.407,0.120476,0.179372,358.587,0.120506,0.204531
341.826,0.121177,0.175281,352.439,0.121161,0.180244,358.619,0.121191,0.205502
341.86,0.121866,0.176169,352.471,0.121851,0.181118,358.651,0.12188,0.206476
341.894,0.122559,0.17706,352.503,0.122544,0.181995,358.683,0.122573,0.207452
341.928,0.123256,0.177954,352.535,0.12324,0.182874,358.715,0.12327,0.208431
341.962,0.123956,0.178851,352.567,0.123941,0.183755,358.746,0.123971,0.209412
341.996,0.124661,0.17975,352.599,0.124646,0.184639,358.778,0.124675,0.210396
342.03,0.125369,0.180652,352.631,0.125354,0.185525,358.81,0.125384,0.211382
342.064,0.126081,0.181556,352.664,0.126066,0.186413,358.842,0.126096,0.21237
342.098,0.126797,0.182464,352.696,0.126782,0.187304,358.874,0.126812,0.213361
342.132,0.127518,0.183373,352.728,0.127502,0.188197,358.906,0.127532,0.214355
342.166,0.128242,0.184286,352.76,0.128227,0.189093,358.937,0.128256,0.215351
342.199,0.12897,0.185202,352.792,0.128955,0.189991,358.969,0.128984,0.216349
342.233,0.129702,0.18612,352.824,0.129687,0.190891,359.001,0.129716,0.217349
342.267,0.130438,0.18704,352.856,0.130423,0.191793,359.033,0.130452,0.218353
342.301,0.131178,0.187964,352.888,0.131163,0.192699,359.065,0.131192,0.219358
342.335,0.131922,0.18889,352.92,0.131907,0.193606,359.097,0.131936,0.220366
342.369,0.13267,0.189819,352.952,0.132655,0.194516,359.129,0.132685,0.221377
342.403,0.133423,0.190751,352.984,0.133407,0.195428,359.16,0.133437,0.22239
342.437,0.134179,0.191685,353.017,0.134164,0.196343,359.192,0.134193,0.223405
342.471,0.134939,0.192623,353.049,0.134924,0.19726,359.224,0.134954,0.224423
342.505,0.135704,0.193563,353.081,0.135689,0.198179,359.256,0.135719,0.225444
342.539,0.136473,0.194505,353.113,0.136458,0.199101,359.288,0.136487,0.226466
342.573,0.137246,0.195451,353.145,0.137231,0.200026,359.32,0.13726,0.227492
342.607,0.138023,0.196399,353.177,0.138008,0.200952,359.351,0.138038,0.22852
342.641,0.138805,0.19735,353.209,0.13879,0.201881,359.383,0.138819,0.22955
342.675,0.139591,0.198304,353.241,0.139576,0.202813,359.415,0.139605,0.230583
342.708,0.140381,0.199261,353.273,0.140366,0.203747,359.447,0.140395,0.231618
342.742,0.141175,0.20022,353.305,0.14116,0.204684,359.479,0.141189,0.232656
342.776,0.141974,0.201182,353.338,0.141959,0.205622,359.511,0.141988,0.233696
342.81,0.142776,0.202147,353.37,0.142762,0.206564,359.543,0.142791,0.234738
342.844,0.143584,0.203115,353.402,0.143569,0.207508,359.574,0.143598,0.235784
342.878,0.144395,0.204085,353.434,0.144381,0.208454,359.606,0.14441,0.236831
342.912,0.145212,0.205059,353.466,0.145197,0.209402,359.638,0.145226,0.237881
342.946,0.146032,0.206035,353.498,0.146017,0.210354,359.67,0.146046,0.238934
342.98,0.146857,0.207014,353.53,0.146842,0.211307,359.702,0.146871,0.239989
343.014,0.147686,0.207996,353.562,0.147672,0.212263,359.734,0.1477,0.241047
343.048,0.14852,0.208981,353.594,0.148505,0.213222,359.765,0.148534,0.242107
343.082,0.149358,0.209968,353.626,0.149344,0.214183,359.797,0.149373,0.24317
343.116,0.150201,0.210958,353.659,0.150187,0.215146,359.829,0.150215,0.244235
343.15,0.151049,0.211951,353.691,0.151034,0.216112,359.861,0.151063,0.245303
343.184,0.151901,0.212947,353.723,0.151886,0.217081,359.893,0.151915,0.246373
343.217,0.152757,0.213946,353.755,0.152742,0.218051,359.925,0.152771,0.247446
343.251,0.153618,0.214948,353.787,0.153604,0.219025,359.957,0.153632,0.248521
343.285,0.154484,0.215953,353.819,0.154469,0.220001,359.988,0.154498,0.249598
343.319,0.155354,0.21696,353.851,0.15534,0.220979,360.02,0.155368,0.250679
343.353,0.156229,0.21797,353.883,0.156215,0.22196,360.052,0.156243,0.251761
343.387,0.157109,0.218983,353.915,0.157095,0.222943,360.084,0.157123,0.252847
343.421,0.157994,0.219999,353.947,0.157979,0.223929,360.116,0.158008,0.253935
343.455,0.158883,0.221018,353.979,0.158868,0.224917,360.148,0.158897,0.255025
343.489,0.159777,0.22204,354.012,0.159762,0.225908,360.179,0.159791,0.256118
343.523,0.160675,0.223065,354.044,0.160661,0.226902,360.211,0.160689,0.257213
343.557,0.161579,0.224092,354.076,0.161564,0.227897,360.243,0.161593,0.258311
343.591,0.162487,0.225123,354.108,0.162472,0.228896,360.275,0.162501,0.259411
343.625,0.1634,0.226156,354.14,0.163386,0.229897,360.307,0.163414,0.260514
343.659,0.164318,0.227192,354.172,0.164304,0.2309,360.339,0.164332,0.26162
343.693,0.165241,0.228231,354.204,0.165226,0.231906,360.371,0.165255,0.262728
343.726,0.166169,0.229273,354.236,0.166154,0.232914,360.402,0.166182,0.263838
343.76,0.167101,0.230318,354.268,0.167087,0.233925,360.434,0.167115,0.264951
343.794,0.168039,0.231366,354.3,0.168024,0.234939,360.466,0.168053,0.266067
343.828,0.168981,0.232417,354.333,0.168967,0.235955,360.498,0.168995,0.267185
343.862,0.169929,0.233471,354.365,0.169914,0.236973,360.53,0.169943,0.268306
343.896,0.170881,0.234527,354.397,0.170867,0.237994,360.562,0.170895,0.269429
343.93,0.171839,0.235587,354.429,0.171824,0.239018,360.593,0.171852,0.270555
343.964,0.172801,0.236649,354.461,0.172787,0.240044,360.625,0.172815,0.271683
343.998,0.173769,0.237715,354.493,0.173755,0.241073,360.657,0.173783,0.272814
344.032,0.174742,0.238783,354.525,0.174727,0.242104,360.689,0.174755,0.273947
344.066,0.175719,0.239855,354.557,0.175705,0.243138,360.721,0.175733,0.275083
344.1,0.176702,0.240929,354.589,0.176688,0.244174,360.753,0.176716,0.276222
344.134,0.17769,0.242006,354.621,0.177676,0.245213,360.785,0.177704,0.277363
344.168,0.178684,0.243086,354.653,0.178669,0.246254,360.816,0.178697,0.278506
344.202,0.179682,0.244169,354.686,0.179668,0.247298,360.848,0.179696,0.279652
344.235,0.180686,0.245256,354.718,0.180672,0.248345,360.88,0.1807,0.280801
344.269,0.181695,0.246345,354.75,0.181681,0.249394,360.912,0.181708,0.281952
344.303,0.182709,0.247437,354.782,0.182695,0.250445,360.944,0.182723,0.283106
344.337,0.183728,0.248532,354.814,0.183714,0.2515,360.976,0.183742,0.284262
344.371,0.184753,0.24963,354.846,0.184739,0.252556,361.007,0.184767,0.285421
344.405,0.185783,0.250731,354.878,0.185769,0.253616,361.039,0.185797,0.286583
344.439,0.186819,0.251834,354.91,0.186805,0.254678,361.071,0.186832,0.287746
344.473,0.187859,0.252941,354.942,0.187845,0.255742,361.103,0.187873,0.288913
344.507,0.188906,0.254051,354.974,0.188892,0.256809,361.135,0.188919,0.290082
344.541,0.189957,0.255164,355.007,0.189943,0.257879,361.167,0.189971,0.291254
344.575,0.191014,0.25628,355.039,0.191,0.258951,361.199,0.191028,0.292428
344.609,0.192077,0.257399,355.071,0.192063,0.260026,361.23,0.19209,0.293604
344.643,0.193145,0.258521,355.103,0.193131,0.261103,361.262,0.193158,0.294784
344.677,0.194218,0.259646,355.135,0.194204,0.262183,361.294,0.194232,0.295965
344.711,0.195297,0.260774,355.167,0.195283,0.263266,361.326,0.195311,0.29715
344.744,0.196382,0.261904,355.199,0.196368,0.264351,361.358,0.196395,0.298337
344.778,0.197472,0.263038,355.231,0.197458,0.265438,361.39,0.197485,0.299526
344.812,0.198567,0.264175,355.263,0.198554,0.266529,361.421,0.198581,0.300718
344.846,0.199669,0.265315,355.295,0.199655,0.267621,361.453,0.199682,0.301913
344.88,0.200776,0.266458,355.327,0.200762,0.268717,361.485,0.200789,0.30311
344.914,0.201888,0.267604,355.36,0.201874,0.269815,361.517,0.201901,0.304309
344.948,0.203006,0.268753,355.392,0.202993,0.270916,361.549,0.20302,0.305512
344.982,0.20413,0.269905,355.424,0.204116,0.272019,361.581,0.204143,0.306716
345.016,0.20526,0.27106,355.456,0.205246,0.273125,361.613,0.205273,0.307924
345.05,0.206395,0.272218,355.488,0.206381,0.274233,361.644,0.206408,0.309133
345.084,0.207536,0.273379,355.52,0.207523,0.275344,361.676,0.207549,0.310346
345.118,0.208683,0.274543,355.552,0.208669,0.276458,361.708,0.208696,0.311561
345.152,0.209836,0.275711,355.584,0.209822,0.277574,361.74,0.209849,0.312778
345.186,0.210994,0.276881,355.616,0.210981,0.278693,361.772,0.211007,0.313998
345.22,0.212159,0.278054,355.648,0.212145,0.279815,361.804,0.212172,0.315221
345.254,0.213329,0.27923,355.681,0.213315,0.280939,361.835,0.213342,0.316446
345.287,0.214505,0.28041,355.713,0.214491,0.282065,361.867,0.214518,0.317674
345.321,0.215687,0.281592,355.745,0.215673,0.283195,361.899,0.2157,0.318904
345.355,0.216875,0.282778,355.777,0.216861,0.284327,361.931,0.216888,0.320137
345.389,0.218069,0.283966,355.809,0.218055,0.285461,361.963,0.218082,0.321372
345.423,0.219269,0.285158,355.841,0.219255,0.286598,361.995,0.219282,0.32261
345.457,0.220474,0.286352,355.873,0.220461,0.287738,362.027,0.220487,0.32385
345.491,0.221686,0.28755,355.905,0.221673,0.28888,362.058,0.221699,0.325093
345.525,0.222904,0.288751,355.937,0.222891,0.290025,362.09,0.222917,0.326338
345.559,0.224128,0.289954,355.969,0.224114,0.291173,362.122,0.224141,0.327586
345.593,0.225358,0.291161,356.001,0.225344,0.292323,362.154,0.225371,0.328837
345.627,0.226594,0.292371,356.034,0.226581,0.293476,362.186,0.226607,0.33009
345.661,0.227836,0.293584,356.066,0.227823,0.294631,362.218,0.227849,0.331345
345.695,0.229084,0.2948,356.098,0.229071,0.295789,362.25,0.229097,0.332604
345.729,0.230339,0.296019,356.13,0.230326,0.29695,362.281,0.230352,0.333864
345.763,0.2316,0.297241,356.162,0.231586,0.298113,362.313,0.231612,0.335127
345.796,0.232866,0.298466,356.194,0.232853,0.299279,362.345,0.232879,0.336393
345.83,0.234139,0.299695,356.226,0.234126,0.300448,362.377,0.234152,0.337661
345.864,0.235419,0.300926,356.258,0.235406,0.301619,362.409,0.235432,0.338932
345.898,0.236704,0.302161,356.29,0.236691,0.302793,362.441,0.236717,0.340205
345.932,0.237996,0.303398,356.322,0.237983,0.303969,362.472,0.238009,0.341481
345.966,0.239294,0.304639,356.355,0.239281,0.305148,362.504,0.239307,0.342759
346,0.240599,0.305882,356.387,0.240586,0.30633,362.536,0.240611,0.34404
346.034,0.241909,0.307129,356.419,0.241896,0.307514,362.568,0.241922,0.345324
346.068,0.243227,0.308379,356.451,0.243213,0.308701,362.6,0.243239,0.346609
346.102,0.24455,0.309632,356.483,0.244537,0.309891,362.632,0.244563,0.347898
346.136,0.24588,0.310888,356.515,0.245867,0.311083,362.664,0.245892,0.349189
346.17,0.247216,0.312147,356.547,0.247203,0.312278,362.695,0.247229,0.350482
346.204,0.248559,0.313409,356.579,0.248546,0.313475,362.727,0.248571,0.351778
346.238,0.249908,0.314674,356.611,0.249895,0.314675,362.759,0.249921,0.353076
346.272,0.251264,0.315942,356.643,0.251251,0.315878,362.791,0.251276,0.354377
346.305,0.252626,0.317214,356.675,0.252613,0.317083,362.823,0.252638,0.35568
346.339,0.253995,0.318488,356.708,0.253982,0.318291,362.855,0.254007,0.356986
346.373,0.25537,0.319765,356.74,0.255357,0.319501,362.886,0.255382,0.358295
346.407,0.256751,0.321046,356.772,0.256739,0.320714,362.918,0.256764,0.359606
346.441,0.25814,0.32233,356.804,0.258127,0.32193,362.95,0.258152,0.360919
346.475,0.259535,0.323616,356.836,0.259522,0.323148,362.982,0.259547,0.362235
346.509,0.260936,0.324906,356.868,0.260923,0.324369,363.014,0.260948,0.363553
346.543,0.262344,0.326199,356.9,0.262331,0.325593,363.046,0.262356,0.364874
346.577,0.263759,0.327495,356.932,0.263746,0.326819,363.078,0.263771,0.366197
346.611,0.26518,0.328794,356.964,0.265167,0.328048,363.109,0.265192,0.367523
346.645,0.266608,0.330096,356.996,0.266596,0.329279,363.141,0.26662,0.368851
346.679,0.268043,0.331402,357.029,0.26803,0.330513,363.173,0.268055,0.370181
346.713,0.269484,0.33271,357.061,0.269472,0.33175,363.205,0.269497,0.371514
346.747,0.270933,0.334021,357.093,0.27092,0.332989,363.237,0.270945,0.37285
346.781,0.272387,0.335336,357.125,0.272375,0.334231,363.269,0.2724,0.374188
346.814,0.273849,0.336653,357.157,0.273836,0.335476,363.3,0.273861,0.375528
346.848,0.275317,0.337974,357.189,0.275305,0.336723,363.332,0.27533,0.376871
346.882,0.276793,0.339297,357.221,0.27678,0.337973,363.364,0.276805,0.378217
346.916,0.278275,0.340624,357.253,0.278262,0.339225,363.396,0.278287,0.379564
346.95,0.279763,0.341954,357.285,0.279751,0.34048,363.428,0.279775,0.380915
346.984,0.281259,0.343287,357.317,0.281247,0.341738,363.46,0.281271,0.382267
347.018,0.282762,0.344623,357.35,0.282749,0.342998,363.492,0.282774,0.383622
347.052,0.284271,0.345962,357.382,0.284259,0.34426,363.523,0.284283,0.38498
347.086,0.285787,0.347304,357.414,0.285775,0.345526,363.555,0.285799,0.38634
347.12,0.28731,0.348649,357.446,0.287298,0.346794,363.587,0.287322,0.387702
347.154,0.288841,0.349997,357.478,0.288828,0.348064,363.619,0.288852,0.389067
347.188,0.290378,0.351349,357.51,0.290365,0.349338,363.651,0.290389,0.390434
347.222,0.291921,0.352703,357.542,0.291909,0.350613,363.683,0.291933,0.391804
347.256,0.293472,0.35406,357.574,0.29346,0.351892,363.714,0.293484,0.393175
347.29,0.29503,0.355421,357.606,0.295018,0.353173,363.746,0.295042,0.39455
347.323,0.296595,0.356784,357.638,0.296583,0.354456,363.778,0.296607,0.395927
347.357,0.298167,0.358151,357.67,0.298155,0.355742,363.81,0.298179,0.397306
347.391,0.299746,0.35952,357.703,0.299734,0.357031,363.842,0.299757,0.398687
347.425,0.301332,0.360893,357.735,0.30132,0.358322,363.874,0.301343,0.400071
347.459,0.302925,0.362269,357.767,0.302912,0.359616,363.906,0.302936,0.401457
347.493,0.304525,0.363647,357.799,0.304512,0.360912,363.937,0.304536,0.402846
347.527,0.306132,0.365029,357.831,0.30612,0.362211,363.969,0.306143,0.404237
347.561,0.307746,0.366414,357.863,0.307734,0.363513,364.001,0.307757,0.40563
347.595,0.309367,0.367802,357.895,0.309355,0.364817,364.033,0.309378,0.407026
347.629,0.310995,0.369193,357.927,0.310983,0.366124,364.065,0.311007,0.408424
347.663,0.31263,0.370587,357.959,0.312619,0.367433,364.097,0.312642,0.409824
347.697,0.314273,0.371983,357.991,0.314261,0.368745,364.128,0.314284,0.411227
347.731,0.315923,0.373383,358.024,0.315911,0.370059,364.16,0.315934,0.412632
347.765,0.317579,0.374786,358.056,0.317567,0.371376,364.192,0.317591,0.414039
347.799,0.319243,0.376192,358.088,0.319231,0.372696,364.224,0.319255,0.415449
347.832,0.320914,0.377601,358.12,0.320902,0.374018,364.256,0.320926,0.416861
347.866,0.322592,0.379013,358.152,0.322581,0.375343,364.288,0.322604,0.418275
347.9,0.324278,0.380428,358.184,0.324266,0.37667,364.32,0.324289,0.419691
347.934,0.32597,0.381846,358.216,0.325959,0.378,364.351,0.325982,0.42111
347.968,0.32767,0.383267,358.248,0.327659,0.379332,364.383,0.327681,0.422531
348.002,0.329377,0.384691,358.28,0.329366,0.380667,364.415,0.329388,0.423955
348.036,0.331091,0.386118,358.312,0.33108,0.382004,364.447,0.331103,0.425381
348.07,0.332813,0.387548,358.344,0.332801,0.383344,364.479,0.332824,0.426809
348.104,0.334541,0.388981,358.377,0.33453,0.384686,364.511,0.334553,0.428239
348.138,0.336277,0.390417,358.409,0.336266,0.386031,364.542,0.336288,0.429671
348.172,0.33802,0.391856,358.441,0.338009,0.387378,364.574,0.338031,0.431106
348.206,0.339771,0.393298,358.473,0.339759,0.388728,364.606,0.339782,0.432543
348.24,0.341528,0.394743,358.505,0.341517,0.390081,364.638,0.341539,0.433982
348.274,0.343293,0.396191,358.537,0.343282,0.391436,364.67,0.343304,0.435423
348.308,0.345065,0.397641,358.569,0.345054,0.392793,364.702,0.345076,0.436867
348.341,0.346845,0.399095,358.601,0.346833,0.394153,364.734,0.346856,0.438313
348.375,0.348631,0.400552,358.633,0.34862,0.395516,364.765,0.348642,0.439761
348.409,0.350425,0.402011,358.665,0.350414,0.396881,364.797,0.350436,0.441211
348.443,0.352226,0.403474,358.698,0.352215,0.398248,364.829,0.352237,0.442664
348.477,0.354035,0.404939,358.73,0.354024,0.399618,364.861,0.354046,0.444118
348.511,0.355851,0.406408,358.762,0.355839,0.40099,364.893,0.355861,0.445575
348.545,0.357674,0.407879,358.794,0.357662,0.402365,364.925,0.357684,0.447034
348.579,0.359504,0.409353,358.826,0.359493,0.403742,364.956,0.359515,0.448495
348.613,0.361341,0.41083,358.858,0.36133,0.405122,364.988,0.361352,0.449958
348.647,0.363186,0.41231,358.89,0.363175,0.406504,365.02,0.363197,0.451424
348.681,0.365038,0.413793,358.922,0.365027,0.407889,365.052,0.365049,0.452891
348.715,0.366898,0.415279,358.954,0.366887,0.409276,365.084,0.366908,0.454361
348.749,0.368765,0.416768,358.986,0.368754,0.410666,365.116,0.368775,0.455833
348.783,0.370639,0.418259,359.018,0.370628,0.412058,365.148,0.370649,0.457307
348.817,0.37252,0.419754,359.051,0.372509,0.413452,365.179,0.37253,0.458783
348.851,0.374408,0.421251,359.083,0.374398,0.414849,365.211,0.374419,0.460261
348.884,0.376304,0.422751,359.115,0.376294,0.416248,365.243,0.376315,0.461741
348.918,0.378207,0.424254,359.147,0.378197,0.41765,365.275,0.378218,0.463223
348.952,0.380118,0.42576,359.179,0.380107,0.419054,365.307,0.380128,0.464708
348.986,0.382036,0.427268,359.211,0.382025,0.420461,365.339,0.382046,0.466194
349.02,0.38396,0.42878,359.243,0.38395,0.42187,365.371,0.383971,0.467682
349.054,0.385893,0.430294,359.275,0.385882,0.423281,365.402,0.385903,0.469173
349.088,0.387832,0.431811,359.307,0.387821,0.424695,365.434,0.387842,0.470665
349.122,0.389779,0.433331,359.339,0.389768,0.426111,365.466,0.389789,0.47216
349.156,0.391733,0.434854,359.372,0.391722,0.427529,365.498,0.391743,0.473656
349.19,0.393694,0.43638,359.404,0.393683,0.42895,365.53,0.393704,0.475155
349.224,0.395662,0.437908,359.436,0.395652,0.430373,365.562,0.395672,0.476655
349.258,0.397638,0.439439,359.468,0.397627,0.431799,365.593,0.397648,0.478158
349.292,0.399621,0.440973,359.5,0.39961,0.433227,365.625,0.399631,0.479662
349.326,0.401611,0.442509,359.532,0.4016,0.434657,365.657,0.401621,0.481169
349.36,0.403608,0.444049,359.564,0.403597,0.43609,365.689,0.403618,0.482677
349.393,0.405612,0.445591,359.596,0.405602,0.437525,365.721,0.405622,0.484188
349.427,0.407624,0.447136,359.628,0.407613,0.438962,365.753,0.407634,0.4857
349.461,0.409642,0.448683,359.66,0.409632,0.440401,365.785,0.409652,0.487214
349.495,0.411668,0.450234,359.692,0.411658,0.441843,365.816,0.411678,0.48873
349.529,0.413701,0.451786,359.725,0.413691,0.443287,365.848,0.413711,0.490248
349.563,0.415741,0.453342,359.757,0.415731,0.444734,365.88,0.415751,0.491768
349.597,0.417788,0.454901,359.789,0.417778,0.446183,365.912,0.417798,0.49329
349.631,0.419843,0.456462,359.821,0.419833,0.447634,365.944,0.419852,0.494813
349.665,0.421904,0.458025,359.853,0.421894,0.449087,365.976,0.421914,0.496339
349.699,0.423972,0.459592,359.885,0.423962,0.450542,366.007,0.423982,0.497866
349.733,0.426048,0.461161,359.917,0.426038,0.452,366.039,0.426057,0.499395
349.767,0.42813,0.462732,359.949,0.42812,0.45346,366.071,0.42814,0.500926
349.801,0.43022,0.464306,359.981,0.43021,0.454923,366.103,0.430229,0.502459
349.835,0.432316,0.465883,360.013,0.432306,0.456387,366.135,0.432326,0.503994
349.869,0.43442,0.467463,360.046,0.43441,0.457854,366.167,0.434429,0.50553
349.902,0.43653,0.469045,360.078,0.43652,0.459323,366.199,0.436539,0.507068
349.936,0.438647,0.47063,360.11,0.438637,0.460794,366.23,0.438657,0.508608
349.97,0.440771,0.472217,360.142,0.440762,0.462267,366.262,0.440781,0.51015
350.004,0.442902,0.473807,360.174,0.442893,0.463743,366.294,0.442912,0.511693
350.038,0.44504,0.475399,360.206,0.445031,0.465221,366.326,0.44505,0.513238
350.072,0.447185,0.476994,360.238,0.447175,0.466701,366.358,0.447194,0.514785
350.106,0.449337,0.478591,360.27,0.449327,0.468183,366.39,0.449346,0.516334
350.14,0.451495,0.480191,360.302,0.451485,0.469667,366.421,0.451504,0.517884
350.174,0.45366,0.481793,360.334,0.453651,0.471153,366.453,0.453669,0.519436
350.208,0.455832,0.483398,360.366,0.455822,0.472642,366.485,0.455841,0.520989
350.242,0.45801,0.485006,360.399,0.458001,0.474133,366.517,0.458019,0.522544
350.276,0.460196,0.486616,360.431,0.460186,0.475625,366.549,0.460205,0.524101
350.31,0.462387,0.488228,360.463,0.462378,0.47712,366.581,0.462396,0.52566
350.344,0.464586,0.489843,360.495,0.464576,0.478617,366.613,0.464595,0.52722
350.378,0.466791,0.49146,360.527,0.466782,0.480116,366.644,0.4668,0.528781
350.411,0.469002,0.49308,360.559,0.468993,0.481618,366.676,0.469011,0.530345
350.445,0.47122,0.494702,360.591,0.471211,0.483121,366.708,0.471229,0.53191
350.479,0.473445,0.496326,360.623,0.473436,0.484626,366.74,0.473454,0.533476
350.513,0.475676,0.497953,360.655,0.475667,0.486133,366.772,0.475685,0.535044
350.547,0.477913,0.499582,360.687,0.477904,0.487643,366.804,0.477922,0.536613
350.581,0.480157,0.501213,360.72,0.480148,0.489154,366.835,0.480166,0.538184
350.615,0.482407,0.502847,360.752,0.482398,0.490668,366.867,0.482416,0.539757
350.649,0.484664,0.504483,360.784,0.484655,0.492183,366.899,0.484672,0.54133
350.683,0.486927,0.506122,360.816,0.486918,0.493701,366.931,0.486935,0.542906
350.717,0.489196,0.507762,360.848,0.489187,0.49522,366.963,0.489204,0.544483
350.751,0.491471,0.509405,360.88,0.491462,0.496741,366.995,0.491479,0.546061
350.785,0.493752,0.511051,360.912,0.493743,0.498265,367.027,0.49376,0.547641
350.819,0.496039,0.512698,360.944,0.496031,0.49979,367.058,0.496048,0.549222
350.853,0.498333,0.514348,360.976,0.498324,0.501317,367.09,0.498341,0.550804
350.887,0.500632,0.516,361.008,0.500623,0.502846,367.122,0.50064,0.552388
350.92,0.502938,0.517654,361.041,0.502929,0.504377,367.154,0.502946,0.553973
350.954,0.505249,0.51931,361.073,0.50524,0.50591,367.186,0.505257,0.55556
350.988,0.507566,0.520969,361.105,0.507558,0.507445,367.218,0.507574,0.557148
351.022,0.509889,0.52263,361.137,0.509881,0.508982,367.249,0.509897,0.558737
351.056,0.512218,0.524292,361.169,0.512209,0.510521,367.281,0.512226,0.560327
351.09,0.514552,0.525957,361.201,0.514544,0.512061,367.313,0.514561,0.561919
351.124,0.516893,0.527624,361.233,0.516884,0.513604,367.345,0.516901,0.563512
351.158,0.519239,0.529294,361.265,0.51923,0.515148,367.377,0.519247,0.565106
351.192,0.52159,0.530965,361.297,0.521582,0.516694,367.409,0.521598,0.566702
351.226,0.523947,0.532638,361.329,0.523939,0.518242,367.441,0.523955,0.568298
351.26,0.526309,0.534313,361.361,0.526301,0.519791,367.472,0.526317,0.569896
351.294,0.528677,0.535991,361.394,0.528669,0.521343,367.504,0.528685,0.571495
351.328,0.53105,0.53767,361.426,0.531042,0.522896,367.536,0.531058,0.573096
351.362,0.533429,0.539351,361.458,0.533421,0.524451,367.568,0.533436,0.574697
351.396,0.535812,0.541034,361.49,0.535804,0.526007,367.6,0.53582,0.576299
351.429,0.538201,0.54272,361.522,0.538193,0.527566,367.632,0.538209,0.577903
351.463,0.540595,0.544407,361.554,0.540587,0.529126,367.663,0.540603,0.579508
351.497,0.542994,0.546096,361.586,0.542986,0.530687,367.695,0.543002,0.581113
351.531,0.545398,0.547787,361.618,0.54539,0.532251,367.727,0.545406,0.58272
351.565,0.547807,0.54948,361.65,0.547799,0.533816,367.759,0.547815,0.584328
351.599,0.550221,0.551174,361.682,0.550213,0.535383,367.791,0.550228,0.585937
351.633,0.552639,0.552871,361.715,0.552632,0.536951,367.823,0.552647,0.587547
351.667,0.555063,0.554569,361.747,0.555055,0.538521,367.855,0.55507,0.589158
351.701,0.557491,0.556269,361.779,0.557483,0.540093,367.886,0.557498,0.590769
351.735,0.559923,0.557971,361.811,0.559915,0.541666,367.918,0.55993,0.592382
351.769,0.56236,0.559675,361.843,0.562352,0.543241,367.95,0.562367,0.593996
351.803,0.564802,0.56138,361.875,0.564794,0.544818,367.982,0.564809,0.59561
351.837,0.567247,0.563087,361.907,0.56724,0.546396,368.014,0.567255,0.597226
351.871,0.569697,0.564796,361.939,0.56969,0.547975,368.046,0.569705,0.598842
351.905,0.572152,0.566506,361.971,0.572144,0.549556,368.077,0.572159,0.600459
351.939,0.57461,0.568218,362.003,0.574603,0.551139,368.109,0.574617,0.602077
351.972,0.577073,0.569932,362.035,0.577065,0.552723,368.141,0.57708,0.603696
352.006,0.579539,0.571648,362.068,0.579532,0.554308,368.173,0.579546,0.605315
352.04,0.58201,0.573364,362.1,0.582002,0.555895,368.205,0.582017,0.606936
352.074,0.584484,0.575083,362.132,0.584477,0.557484,368.237,0.584491,0.608557
352.108,0.586962,0.576803,362.164,0.586955,0.559074,368.269,0.586969,0.610178
352.142,0.589443,0.578525,362.196,0.589436,0.560665,368.3,0.58945,0.611801
352.176,0.591929,0.580248,362.228,0.591921,0.562258,368.332,0.591935,0.613424
352.21,0.594417,0.581972,362.26,0.59441,0.563852,368.364,0.594424,0.615048
352.244,0.596909,0.583698,362.292,0.596902,0.565447,368.396,0.596916,0.616672
352.278,0.599405,0.585425,362.324,0.599398,0.567044,368.428,0.599411,0.618297
352.312,0.601903,0.587154,362.356,0.601896,0.568642,368.46,0.60191,0.619923
352.346,0.604405,0.588884,362.389,0.604398,0.570241,368.492,0.604411,0.621549
352.38,0.60691,0.590616,362.421,0.606903,0.571842,368.523,0.606916,0.623176
352.414,0.609417,0.592349,362.453,0.60941,0.573444,368.555,0.609424,0.624803
352.448,0.611928,0.594083,362.485,0.611921,0.575047,368.587,0.611934,0.626431
352.481,0.614441,0.595819,362.517,0.614434,0.576652,368.619,0.614447,0.628059
352.515,0.616957,0.597555,362.549,0.61695,0.578258,368.651,0.616963,0.629688
352.549,0.619475,0.599293,362.581,0.619469,0.579864,368.683,0.619481,0.631317
352.583,0.621996,0.601033,362.613,0.621989,0.581473,368.714,0.622002,0.632947
352.617,0.624519,0.602773,362.645,0.624513,0.583082,368.746,0.624525,0.634577
352.651,0.627045,0.604514,362.677,0.627038,0.584692,368.778,0.627051,0.636207
352.685,0.629572,0.606257,362.709,0.629566,0.586304,368.81,0.629578,0.637838
352.719,0.632102,0.608001,362.742,0.632096,0.587916,368.842,0.632108,0.639469
352.753,0.634633,0.609746,362.774,0.634627,0.58953,368.874,0.63464,0.6411
352.787,0.637167,0.611492,362.806,0.637161,0.591145,368.906,0.637173,0.642732
352.821,0.639702,0.613239,362.838,0.639696,0.592761,368.937,0.639708,0.644363
352.855,0.642239,0.614987,362.87,0.642232,0.594378,368.969,0.642245,0.645996
352.889,0.644777,0.616736,362.902,0.644771,0.595996,369.001,0.644783,0.647628
352.923,0.647316,0.618485,362.934,0.64731,0.597615,369.033,0.647322,0.64926
352.957,0.649857,0.620236,362.966,0.649851,0.599234,369.065,0.649863,0.650893
352.99,0.652399,0.621988,362.998,0.652393,0.600855,369.097,0.652405,0.652526
353.024,0.654942,0.62374,363.03,0.654936,0.602477,369.128,0.654948,0.654158
353.058,0.657486,0.625494,363.063,0.65748,0.6041,369.16,0.657492,0.655791
353.092,0.660031,0.627248,363.095,0.660025,0.605723,369.192,0.660037,0.657424
353.126,0.662576,0.629003,363.127,0.662571,0.607348,369.224,0.662582,0.659057
353.16,0.665122,0.630759,363.159,0.665117,0.608973,369.256,0.665128,0.66069
353.194,0.667669,0.632515,363.191,0.667663,0.610599,369.288,0.667674,0.662323
353.228,0.670216,0.634272,363.223,0.67021,0.612226,369.32,0.670221,0.663956
353.262,0.672763,0.63603,363.255,0.672757,0.613854,369.351,0.672768,0.665589
353.296,0.67531,0.637789,363.287,0.675304,0.615482,369.383,0.675315,0.667222
353.33,0.677856,0.639548,363.319,0.677851,0.617112,369.415,0.677862,0.668855
353.364,0.680403,0.641307,363.351,0.680398,0.618742,369.447,0.680409,0.670487
353.398,0.68295,0.643068,363.383,0.682944,0.620372,369.479,0.682955,0.67212
353.432,0.685496,0.644828,363.416,0.68549,0.622004,369.511,0.685501,0.673752
353.466,0.688041,0.646589,363.448,0.688036,0.623636,369.542,0.688046,0.675384
353.499,0.690586,0.648351,363.48,0.69058,0.625268,369.574,0.690591,0.677015
353.533,0.693129,0.650113,363.512,0.693124,0.626901,369.606,0.693135,0.678646
353.567,0.695672,0.651876,363.544,0.695667,0.628535,369.638,0.695677,0.680278
353.601,0.698214,0.653638,363.576,0.698209,0.63017,369.67,0.698219,0.681908
353.635,0.700754,0.655401,363.608,0.700749,0.631805,369.702,0.700759,0.683539
353.669,0.703293,0.657165,363.64,0.703288,0.63344,369.734,0.703298,0.685168
353.703,0.705831,0.658929,363.672,0.705826,0.635076,369.765,0.705836,0.686798
353.737,0.708367,0.660692,363.704,0.708362,0.636712,369.797,0.708372,0.688427
353.771,0.710901,0.662456,363.737,0.710896,0.638349,369.829,0.710906,0.690056
353.805,0.713433,0.664221,363.769,0.713428,0.639987,369.861,0.713438,0.691684
353.839,0.715963,0.665985,363.801,0.715958,0.641624,369.893,0.715967,0.693311
353.873,0.71849,0.66775,363.833,0.718485,0.643262,369.925,0.718495,0.694938
353.907,0.721016,0.669514,363.865,0.721011,0.644901,369.956,0.72102,0.696565
353.941,0.723538,0.671279,363.897,0.723533,0.64654,369.988,0.723543,0.69819
353.975,0.726058,0.673043,363.929,0.726053,0.648179,370.02,0.726063,0.699815
354.008,0.728575,0.674808,363.961,0.728571,0.649818,370.052,0.72858,0.70144
354.042,0.731089,0.676572,363.993,0.731085,0.651458,370.084,0.731094,0.703063
354.076,0.7336,0.678336,364.025,0.733596,0.653097,370.116,0.733605,0.704686
354.11,0.736108,0.680101,364.057,0.736103,0.654737,370.148,0.736112,0.706309
354.144,0.738612,0.681865,364.09,0.738608,0.656378,370.179,0.738617,0.70793
354.178,0.741113,0.683628,364.122,0.741108,0.658018,370.211,0.741117,0.70955
354.212,0.74361,0.685392,364.154,0.743605,0.659658,370.243,0.743614,0.71117
354.246,0.746102,0.687155,364.186,0.746098,0.661299,370.275,0.746107,0.712789
354.28,0.748591,0.688918,364.218,0.748587,0.662939,370.307,0.748595,0.714407
354.314,0.751076,0.69068,364.25,0.751072,0.66458,370.339,0.75108,0.716024
354.348,0.753556,0.692442,364.282,0.753552,0.666221,370.37,0.75356,0.71764
354.382,0.756032,0.694204,364.314,0.756027,0.667861,370.402,0.756036,0.719255
354.416,0.758502,0.695965,364.346,0.758498,0.669502,370.434,0.758506,0.720868
354.45,0.760968,0.697726,364.378,0.760964,0.671143,370.466,0.760972,0.722481
354.484,0.763429,0.699486,364.411,0.763425,0.672783,370.498,0.763433,0.724093
354.517,0.765885,0.701246,364.443,0.765881,0.674424,370.53,0.765889,0.725703
354.551,0.768335,0.703004,364.475,0.768331,0.676064,370.562,0.768339,0.727313
354.585,0.77078,0.704763,364.507,0.770776,0.677704,370.593,0.770784,0.728921
354.619,0.773219,0.70652,364.539,0.773215,0.679344,370.625,0.773223,0.730528
354.653,0.775652,0.708277,364.571,0.775648,0.680983,370.657,0.775656,0.732133
354.687,0.778079,0.710033,364.603,0.778075,0.682623,370.689,0.778083,0.733738
354.721,0.7805,0.711788,364.635,0.780496,0.684262,370.721,0.780504,0.735341
354.755,0.782915,0.713542,364.667,0.782911,0.6859,370.753,0.782918,0.736942
354.789,0.785323,0.715296,364.699,0.785319,0.687539,370.784,0.785326,0.738542
354.823,0.787724,0.717048,364.732,0.78772,0.689177,370.816,0.787728,0.740141
354.857,0.790118,0.7188,364.764,0.790115,0.690814,370.848,0.790122,0.741739
354.891,0.792506,0.72055,364.796,0.792502,0.692452,370.88,0.792509,0.743334
354.925,0.794886,0.722299,364.828,0.794882,0.694088,370.912,0.794889,0.744929
354.959,0.797259,0.724048,364.86,0.797255,0.695725,370.944,0.797262,0.746521
354.993,0.799624,0.725795,364.892,0.79962,0.69736,370.976,0.799627,0.748112
355.026,0.801981,0.72754,364.924,0.801978,0.698995,371.007,0.801984,0.749702
355.06,0.804331,0.729285,364.956,0.804327,0.70063,371.039,0.804334,0.75129
355.094,0.806672,0.731028,364.988,0.806669,0.702264,371.071,0.806675,0.752876
355.128,0.809005,0.73277,365.02,0.809002,0.703897,371.103,0.809008,0.75446
355.162,0.81133,0.734511,365.052,0.811327,0.70553,371.135,0.811333,0.756043
355.196,0.813646,0.73625,365.085,0.813643,0.707162,371.167,0.813649,0.757623
355.23,0.815953,0.737988,365.117,0.81595,0.708793,371.198,0.815956,0.759202
355.264,0.818252,0.739724,365.149,0.818249,0.710423,371.23,0.818255,0.760779
355.298,0.820541,0.741459,365.181,0.820538,0.712053,371.262,0.820544,0.762354
355.332,0.822821,0.743192,365.213,0.822818,0.713682,371.294,0.822824,0.763928
355.366,0.825092,0.744924,365.245,0.825089,0.71531,371.326,0.825094,0.765499
355.4,0.827352,0.746654,365.277,0.827349,0.716937,371.358,0.827355,0.767068
355.434,0.829604,0.748382,365.309,0.829601,0.718563,371.39,0.829606,0.768635
355.468,0.831845,0.750108,365.341,0.831842,0.720188,371.421,0.831847,0.7702
355.502,0.834076,0.751833,365.373,0.834073,0.721812,371.453,0.834078,0.771763
355.536,0.836296,0.753556,365.406,0.836293,0.723435,371.485,0.836299,0.773323
355.569,0.838506,0.755277,365.438,0.838504,0.725057,371.517,0.838509,0.774882
355.603,0.840706,0.756996,365.47,0.840703,0.726678,371.549,0.840709,0.776438
355.637,0.842895,0.758712,365.502,0.842892,0.728298,371.581,0.842897,0.777992
355.671,0.845072,0.760427,365.534,0.845069,0.729917,371.613,0.845075,0.779544
355.705,0.847239,0.76214,365.566,0.847236,0.731535,371.644,0.847241,0.781093
355.739,0.849394,0.763851,365.598,0.849391,0.733151,371.676,0.849396,0.78264
355.773,0.851537,0.765559,365.63,0.851535,0.734766,371.708,0.85154,0.784184
355.807,0.853669,0.767266,365.662,0.853667,0.73638,371.74,0.853672,0.785726
355.841,0.855789,0.768969,365.694,0.855787,0.737992,371.772,0.855792,0.787266
355.875,0.857897,0.770671,365.726,0.857895,0.739603,371.804,0.8579,0.788803
355.909,0.859993,0.77237,365.759,0.859991,0.741213,371.835,0.859996,0.790337
355.943,0.862077,0.774067,365.791,0.862074,0.742821,371.867,0.862079,0.791869
355.977,0.864148,0.775762,365.823,0.864146,0.744428,371.899,0.86415,0.793398
356.011,0.866206,0.777454,365.855,0.866204,0.746033,371.931,0.866209,0.794925
356.045,0.868252,0.779143,365.887,0.86825,0.747637,371.963,0.868254,0.796448
356.078,0.870284,0.78083,365.919,0.870282,0.749239,371.995,0.870287,0.797969
356.112,0.872304,0.782514,365.951,0.872302,0.750839,372.027,0.872306,0.799488
356.146,0.87431,0.784195,365.983,0.874308,0.752438,372.058,0.874312,0.801003
356.18,0.876303,0.785874,366.015,0.8763,0.754036,372.09,0.876305,0.802515
356.214,0.878282,0.78755,366.047,0.87828,0.755631,372.122,0.878284,0.804025
356.248,0.880247,0.789223,366.08,0.880245,0.757225,372.154,0.880249,0.805531
356.282,0.882198,0.790893,366.112,0.882196,0.758817,372.186,0.8822,0.807035
356.316,0.884136,0.79256,366.144,0.884134,0.760407,372.218,0.884138,0.808535
356.35,0.886059,0.794224,366.176,0.886057,0.761995,372.249,0.886061,0.810033
356.384,0.887967,0.795885,366.208,0.887965,0.763582,372.281,0.887969,0.811527
356.418,0.889862,0.797543,366.24,0.88986,0.765166,372.313,0.889863,0.813018
356.452,0.891741,0.799198,366.272,0.891739,0.766749,372.345,0.891743,0.814506
356.486,0.893606,0.800849,366.304,0.893604,0.768329,372.377,0.893608,0.815991
356.52,0.895456,0.802497,366.336,0.895454,0.769908,372.409,0.895457,0.817472
356.554,0.897291,0.804142,366.368,0.897289,0.771484,372.441,0.897292,0.818951
356.587,0.89911,0.805784,366.4,0.899108,0.773058,372.472,0.899112,0.820425
356.621,0.900914,0.807422,366.433,0.900913,0.77463,372.504,0.900916,0.821897
356.655,0.902703,0.809057,366.465,0.902701,0.7762,372.536,0.902705,0.823365
356.689,0.904476,0.810688,366.497,0.904475,0.777768,372.568,0.904478,0.824829
356.723,0.906234,0.812315,366.529,0.906232,0.779333,372.6,0.906235,0.82629
356.757,0.907975,0.813939,366.561,0.907974,0.780896,372.632,0.907977,0.827747
356.791,0.909701,0.81556,366.593,0.909699,0.782457,372.663,0.909702,0.829201
356.825,0.91141,0.817176,366.625,0.911409,0.784015,372.695,0.911412,0.830651
356.859,0.913104,0.818789,366.657,0.913102,0.785571,372.727,0.913105,0.832098
356.893,0.914781,0.820398,366.689,0.914779,0.787125,372.759,0.914782,0.833541
356.927,0.916441,0.822003,366.721,0.91644,0.788676,372.791,0.916443,0.83498
356.961,0.918085,0.823604,366.754,0.918084,0.790224,372.823,0.918087,0.836415
356.995,0.919713,0.825201,366.786,0.919711,0.79177,372.855,0.919714,0.837846
357.029,0.921324,0.826794,366.818,0.921322,0.793313,372.886,0.921325,0.839274
357.063,0.922917,0.828383,366.85,0.922916,0.794853,372.918,0.922919,0.840697
357.096,0.924494,0.829968,366.882,0.924493,0.796391,372.95,0.924496,0.842117
357.13,0.926054,0.831548,366.914,0.926053,0.797926,372.982,0.926056,0.843532
357.164,0.927597,0.833124,366.946,0.927596,0.799459,373.014,0.927598,0.844944
357.198,0.929123,0.834696,366.978,0.929121,0.800988,373.046,0.929124,0.846351
357.232,0.930631,0.836264,367.01,0.93063,0.802515,373.077,0.930632,0.847755
357.266,0.932122,0.837827,367.042,0.932121,0.804038,373.109,0.932123,0.849154
357.3,0.933595,0.839385,367.074,0.933594,0.805559,373.141,0.933597,0.850549
357.334,0.935052,0.840939,367.107,0.93505,0.807077,373.173,0.935053,0.85194
357.368,0.93649,0.842489,367.139,0.936489,0.808591,373.205,0.936491,0.853326
357.402,0.937911,0.844033,367.171,0.93791,0.810103,373.237,0.937912,0.854708
357.436,0.939314,0.845574,367.203,0.939313,0.811612,373.269,0.939315,0.856086
357.47,0.940699,0.847109,367.235,0.940698,0.813117,373.3,0.9407,0.857459
357.504,0.942067,0.848639,367.267,0.942066,0.814619,373.332,0.942068,0.858828
357.538,0.943417,0.850165,367.299,0.943416,0.816118,373.364,0.943417,0.860192
357.572,0.944748,0.851685,367.331,0.944747,0.817614,373.396,0.944749,0.861552
357.605,0.946062,0.853201,367.363,0.946061,0.819106,373.428,0.946063,0.862907
357.639,0.947358,0.854711,367.395,0.947357,0.820595,373.46,0.947359,0.864257
357.673,0.948636,0.856217,367.428,0.948635,0.822081,373.491,0.948637,0.865603
357.707,0.949896,0.857717,367.46,0.949895,0.823563,373.523,0.949897,0.866944
357.741,0.951138,0.859212,367.492,0.951137,0.825042,373.555,0.951138,0.86828
357.775,0.952361,0.860702,367.524,0.95236,0.826517,373.587,0.952362,0.869612
357.809,0.953567,0.862186,367.556,0.953566,0.827988,373.619,0.953568,0.870939
357.843,0.954754,0.863666,367.588,0.954754,0.829456,373.651,0.954755,0.87226
357.877,0.955924,0.865139,367.62,0.955923,0.830921,373.683,0.955925,0.873577
357.911,0.957075,0.866607,367.652,0.957074,0.832381,373.714,0.957076,0.874889
357.945,0.958208,0.86807,367.684,0.958208,0.833838,373.746,0.958209,0.876196
357.979,0.959323,0.869527,367.716,0.959323,0.835291,373.778,0.959324,0.877498
358.013,0.96042,0.870978,367.749,0.96042,0.83674,373.81,0.960421,0.878795
358.047,0.961499,0.872423,367.781,0.961499,0.838186,373.842,0.9615,0.880086
358.081,0.96256,0.873863,367.813,0.96256,0.839627,373.874,0.962561,0.881373
358.114,0.963603,0.875297,367.845,0.963602,0.841065,373.905,0.963604,0.882654
358.148,0.964628,0.876725,367.877,0.964627,0.842498,373.937,0.964628,0.88393
358.182,0.965635,0.878147,367.909,0.965634,0.843928,373.969,0.965635,0.885201
358.216,0.966624,0.879563,367.941,0.966623,0.845353,374.001,0.966624,0.886466
358.25,0.967595,0.880973,367.973,0.967594,0.846774,374.033,0.967596,0.887726
358.284,0.968548,0.882377,368.005,0.968548,0.848191,374.065,0.968549,0.888981
358.318,0.969484,0.883774,368.037,0.969483,0.849604,374.097,0.969484,0.89023
358.352,0.970402,0.885166,368.069,0.970401,0.851013,374.128,0.970402,0.891473
358.386,0.971302,0.886551,368.102,0.971302,0.852417,374.16,0.971303,0.892711
358.42,0.972185,0.88793,368.134,0.972184,0.853817,374.192,0.972185,0.893944
358.454,0.97305,0.889302,368.166,0.97305,0.855213,374.224,0.97305,0.89517
358.488,0.973898,0.890668,368.198,0.973897,0.856604,374.256,0.973898,0.896391
358.522,0.974728,0.892027,368.23,0.974728,0.85799,374.288,0.974729,0.897607
358.556,0.975542,0.89338,368.262,0.975541,0.859372,374.319,0.975542,0.898816
358.59,0.976338,0.894726,368.294,0.976337,0.86075,374.351,0.976338,0.90002
358.624,0.977117,0.896066,368.326,0.977116,0.862123,374.383,0.977117,0.901218
358.657,0.977879,0.897398,368.358,0.977879,0.863491,374.415,0.977879,0.90241
358.691,0.978624,0.898724,368.39,0.978624,0.864855,374.447,0.978625,0.903596
358.725,0.979353,0.900043,368.423,0.979353,0.866214,374.479,0.979354,0.904777
