# Forward reconstruction (consistency check), model F1: E=337 kJ/mol, lnA=43.7. T (C), alpha experimental and modelled for each beta.
T_C_1K,alpha_exp_1K,alpha_model_1K,T_C_3K,alpha_exp_3K,alpha_model_3K,T_C_5K,alpha_exp_5K,alpha_model_5K
507.613,0.0202035,1e-09,520.342,0.0200285,1e-09,524.557,0.0201346,1e-09
507.652,0.0204185,0.000631209,520.387,0.0202017,0.000559253,524.599,0.0203023,0.000414482
507.691,0.0206354,0.00126414,520.432,0.0203766,0.00111994,524.642,0.0204707,0.000829618
507.73,0.0208543,0.00189831,520.477,0.0205532,0.00168168,524.684,0.0206402,0.0012458
507.769,0.021075,0.00253373,520.522,0.0207314,0.00224474,524.727,0.0208106,0.00166304
507.808,0.0212975,0.00317006,520.567,0.0209114,0.00280937,524.769,0.0209818,0.00208103
507.847,0.0215212,0.00380763,520.612,0.021093,0.00337518,524.811,0.0211539,0.00249988
507.886,0.0217461,0.00444628,520.657,0.0212765,0.00394257,524.854,0.0213269,0.00291968
507.925,0.021972,0.00508601,520.702,0.0214618,0.00451115,524.896,0.0215006,0.00334015
507.963,0.0221993,0.00572698,520.747,0.0216489,0.00508105,524.939,0.0216754,0.00376207
508.002,0.0224281,0.00636887,520.793,0.0218377,0.00565241,524.981,0.021851,0.00418465
508.041,0.0226587,0.0070125,520.838,0.0220284,0.00622522,525.024,0.0220277,0.00460819
508.08,0.022891,0.00765722,520.883,0.0222206,0.00679924,525.066,0.0222053,0.005033
508.119,0.0231254,0.00830335,520.928,0.0224143,0.00737432,525.108,0.0223837,0.00545867
508.158,0.0233618,0.00895106,520.973,0.0226097,0.00795113,525.151,0.0225632,0.00588552
508.197,0.0236002,0.00960019,521.018,0.0228066,0.00852927,525.193,0.0227433,0.00631293
508.236,0.0238405,0.0102506,521.063,0.0230048,0.00910888,525.236,0.0229245,0.00674171
508.275,0.0240827,0.0109022,521.108,0.0232043,0.00968983,525.278,0.0231064,0.00717126
508.314,0.0243267,0.0115548,521.153,0.023405,0.0102724,525.321,0.0232893,0.0076023
508.353,0.0245725,0.0122093,521.198,0.0236068,0.0108565,525.363,0.0234729,0.00803411
508.392,0.0248198,0.0128654,521.243,0.0238094,0.0114418,525.406,0.0236573,0.0084669
508.431,0.0250689,0.0135227,521.288,0.0240127,0.0120281,525.448,0.0238424,0.00890077
508.47,0.02532,0.0141815,521.333,0.0242166,0.0126158,525.491,0.0240281,0.00933552
508.509,0.025573,0.0148413,521.378,0.0244212,0.0132048,525.533,0.0242149,0.00977166
508.548,0.0258279,0.0155022,521.423,0.0246265,0.0137951,525.576,0.0244023,0.0102086
508.587,0.0260847,0.0161645,521.469,0.0248326,0.0143867,525.618,0.0245907,0.0106465
508.626,0.026343,0.0168278,521.514,0.0250396,0.0149798,525.661,0.0247799,0.0110854
508.665,0.0266031,0.0174925,521.559,0.0252473,0.0155742,525.703,0.0249701,0.0115251
508.704,0.0268652,0.0181582,521.604,0.0254559,0.0161703,525.745,0.0251612,0.0119659
508.743,0.027129,0.0188248,521.649,0.0256652,0.0167674,525.788,0.0253532,0.0124077
508.782,0.0273949,0.0194928,521.694,0.0258752,0.0173655,525.83,0.0255463,0.0128506
508.821,0.0276633,0.0201621,521.739,0.0260861,0.017965,525.873,0.0257401,0.0132941
508.86,0.027934,0.0208327,521.784,0.026298,0.0185662,525.915,0.025935,0.0137386
508.899,0.0282066,0.0215043,521.829,0.0265108,0.0191686,525.958,0.026131,0.0141844
508.938,0.0284809,0.022177,521.874,0.0267244,0.0197722,526,0.0263279,0.0146308
508.977,0.0287569,0.0228507,521.919,0.026939,0.0203775,526.043,0.0265259,0.0150782
509.016,0.0290348,0.0235259,521.964,0.0271543,0.0209837,526.085,0.026725,0.0155266
509.055,0.0293144,0.0242028,522.009,0.0273704,0.0215912,526.128,0.0269254,0.0159761
509.094,0.0295955,0.0248811,522.054,0.0275875,0.0221999,526.17,0.0271269,0.0164266
509.133,0.0298778,0.0255608,522.099,0.0278055,0.0228101,526.213,0.0273297,0.0168783
509.172,0.0301615,0.0262418,522.144,0.0280245,0.0234216,526.255,0.0275338,0.0173309
509.211,0.0304468,0.0269243,522.189,0.0282447,0.0240346,526.298,0.0277393,0.0177848
509.25,0.0307333,0.0276077,522.234,0.0284659,0.0246488,526.34,0.0279461,0.0182397
509.289,0.0310209,0.0282925,522.279,0.0286882,0.0252644,526.383,0.0281541,0.0186956
509.328,0.0313097,0.0289786,522.324,0.0289117,0.0258817,526.425,0.0283635,0.0191527
509.367,0.0315995,0.0296662,522.369,0.0291365,0.0265008,526.468,0.0285742,0.0196109
509.406,0.0318907,0.0303559,522.414,0.0293623,0.0271207,526.51,0.028786,0.0200699
509.445,0.0321832,0.031047,522.459,0.0295892,0.0277421,526.553,0.0289993,0.0205301
509.484,0.0324771,0.0317393,522.504,0.0298173,0.0283644,526.595,0.0292137,0.0209913
509.523,0.0327727,0.032433,522.549,0.0300466,0.0289882,526.638,0.0294294,0.0214535
509.562,0.03307,0.033128,522.594,0.0302771,0.0296133,526.68,0.0296464,0.0219166
509.602,0.033369,0.0338243,522.639,0.0305088,0.0302399,526.723,0.0298645,0.0223808
509.641,0.03367,0.0345224,522.684,0.0307418,0.0308678,526.765,0.0300839,0.0228461
509.68,0.0339723,0.0352209,522.729,0.0309761,0.0314974,526.808,0.0303046,0.0233125
509.719,0.0342759,0.0359207,522.774,0.0312118,0.0321286,526.85,0.0305265,0.0237798
509.758,0.0345804,0.0366215,522.819,0.0314487,0.0327612,526.893,0.0307497,0.0242484
509.797,0.034886,0.0373239,522.864,0.0316867,0.033395,526.935,0.0309742,0.0247181
509.836,0.0351929,0.0380274,522.909,0.0319261,0.0340304,526.978,0.0311998,0.0251886
509.875,0.035501,0.0387322,522.954,0.0321669,0.0346675,527.02,0.0314268,0.0256603
509.914,0.0358101,0.0394384,522.999,0.0324088,0.0353057,527.063,0.031655,0.0261329
509.953,0.0361207,0.0401462,523.044,0.0326519,0.0359451,527.105,0.0318845,0.0266067
509.992,0.0364333,0.0408554,523.09,0.0328962,0.0365862,527.148,0.0321151,0.0270813
510.031,0.0367477,0.041566,523.135,0.0331415,0.0372284,527.19,0.032347,0.0275569
510.07,0.037064,0.0422777,523.179,0.0333877,0.0378715,527.233,0.03258,0.0280335
510.109,0.0373825,0.042991,523.224,0.0336348,0.0385159,527.275,0.0328143,0.0285115
510.148,0.0377032,0.0437053,523.269,0.0338832,0.0391622,527.318,0.0330498,0.0289902
510.187,0.0380262,0.0444206,523.314,0.0341326,0.0398098,527.36,0.0332865,0.0294698
510.226,0.0383516,0.045137,523.359,0.0343829,0.0404588,527.403,0.0335246,0.0299505
510.265,0.0386795,0.0458547,523.404,0.0346343,0.041109,527.445,0.0337639,0.0304321
510.304,0.0390098,0.0465739,523.449,0.0348867,0.0417606,527.488,0.0340046,0.0309149
510.343,0.0393424,0.0472942,523.494,0.03514,0.0424132,527.53,0.0342464,0.0313984
510.382,0.0396774,0.0480157,523.539,0.0353944,0.0430678,527.572,0.0344897,0.0318832
510.421,0.0400147,0.0487384,523.584,0.0356497,0.0437234,527.615,0.0347342,0.0323688
510.46,0.0403545,0.0494627,523.629,0.0359058,0.0443805,527.657,0.0349799,0.0328553
510.499,0.0406968,0.0501881,523.674,0.0361628,0.0450391,527.7,0.0352271,0.0333432
510.538,0.0410413,0.050915,523.719,0.0364208,0.0456992,527.742,0.0354758,0.0338325
510.577,0.0413872,0.051643,523.764,0.0366797,0.0463607,527.785,0.0357257,0.0343224
510.616,0.0417346,0.0523724,523.809,0.0369395,0.0470234,527.827,0.0359769,0.0348137
510.655,0.0420835,0.053103,523.854,0.0372003,0.0476877,527.87,0.0362295,0.0353063
510.694,0.0424341,0.053835,523.899,0.037462,0.0483535,527.912,0.0364835,0.0357999
510.733,0.0427864,0.0545679,523.944,0.0377247,0.0490208,527.955,0.0367385,0.0362942
510.772,0.0431408,0.0553025,523.989,0.0379882,0.0496896,527.997,0.0369951,0.0367901
510.811,0.0434973,0.0560382,524.034,0.0382526,0.0503598,528.04,0.0372529,0.037287
510.85,0.043856,0.0567759,524.079,0.0385178,0.0510315,528.082,0.037512,0.0377851
510.889,0.0442166,0.0575148,524.124,0.0387839,0.0517047,528.125,0.0377723,0.038284
510.928,0.0445791,0.0582551,524.169,0.0390507,0.0523793,528.167,0.0380338,0.038784
510.967,0.0449436,0.0589965,524.214,0.0393183,0.0530555,528.21,0.0382965,0.039285
511.007,0.04531,0.0597392,524.259,0.0395867,0.053733,528.252,0.0385606,0.0397873
511.046,0.045678,0.0604833,524.304,0.0398559,0.0544118,528.295,0.0388258,0.0402904
511.085,0.0460478,0.0612286,524.348,0.040126,0.0550922,528.337,0.0390922,0.0407948
511.124,0.0464191,0.0619749,524.393,0.0403972,0.055774,528.38,0.03936,0.0413002
511.163,0.046792,0.0627226,524.438,0.0406695,0.0564578,528.422,0.0396289,0.0418066
511.202,0.0471662,0.0634712,524.483,0.040943,0.0571433,528.465,0.0398991,0.0423142
511.241,0.047542,0.0642213,524.528,0.0412177,0.0578307,528.507,0.0401707,0.0428228
511.28,0.0479191,0.0649727,524.573,0.0414934,0.0585191,528.55,0.0404437,0.0433326
511.318,0.0482978,0.065725,524.618,0.0417701,0.0592088,528.592,0.0407183,0.0438437
511.357,0.0486783,0.0664789,524.663,0.0420481,0.0599002,528.635,0.0409942,0.0443558
511.396,0.0490605,0.0672341,524.708,0.0423272,0.060593,528.677,0.0412716,0.0448691
511.435,0.0494444,0.0679905,524.753,0.0426076,0.0612872,528.72,0.0415502,0.0453833
511.474,0.04983,0.0687481,524.798,0.0428892,0.0619829,528.762,0.04183,0.0458985
511.513,0.0502179,0.0695071,524.843,0.0431722,0.0626801,528.805,0.0421115,0.0464151
511.552,0.0506077,0.0702673,524.888,0.0434564,0.0633784,528.847,0.0423942,0.0469327
511.591,0.0509996,0.0710291,524.933,0.0437418,0.0640781,528.89,0.0426784,0.0474515
511.63,0.0513936,0.0717921,524.978,0.0440287,0.0647792,528.932,0.042964,0.0479713
511.669,0.0517898,0.0725564,525.023,0.0443171,0.065482,528.975,0.0432512,0.0484927
511.708,0.0521885,0.0733222,525.068,0.044607,0.0661864,529.017,0.0435399,0.049015
511.747,0.0525893,0.0740896,525.113,0.0448984,0.0668926,529.06,0.0438301,0.0495384
511.786,0.0529918,0.0748581,525.158,0.0451913,0.0676004,529.102,0.044122,0.050063
511.825,0.0533965,0.0756285,525.203,0.0454855,0.0683092,529.145,0.0444153,0.0505884
511.864,0.0538035,0.0763999,525.248,0.0457814,0.0690201,529.187,0.0447103,0.051115
511.903,0.0542131,0.0771724,525.293,0.0460787,0.0697319,529.23,0.0450069,0.0516429
511.942,0.0546258,0.0779468,525.338,0.0463775,0.0704453,529.272,0.045305,0.0521716
511.981,0.0550411,0.078722,525.383,0.0466781,0.0711605,529.315,0.0456047,0.0527014
512.02,0.0554591,0.0794983,525.428,0.0469801,0.0718773,529.357,0.0459061,0.0532325
512.059,0.0558795,0.0802757,525.473,0.0472838,0.0725958,529.4,0.0462091,0.0537647
512.098,0.0563022,0.0810545,525.518,0.0475888,0.0733154,529.442,0.0465137,0.0542981
512.137,0.0567275,0.0818346,525.563,0.0478953,0.0740364,529.485,0.0468198,0.0548325
512.176,0.0571554,0.0826161,525.608,0.0482033,0.0747591,529.527,0.0471277,0.0553684
512.215,0.0575856,0.0833987,525.653,0.0485129,0.0754833,529.57,0.0474371,0.0559052
512.254,0.0580186,0.0841828,525.698,0.0488238,0.0762091,529.612,0.0477482,0.0564431
512.293,0.0584545,0.0849688,525.743,0.049136,0.0769361,529.655,0.0480611,0.0569824
512.332,0.0588933,0.0857558,525.788,0.0494493,0.0776645,529.697,0.0483757,0.0575228
512.371,0.0593349,0.0865439,525.833,0.0497638,0.0783942,529.74,0.0486919,0.0580642
512.41,0.0597787,0.087333,525.878,0.0500795,0.0791254,529.782,0.0490095,0.0586065
512.449,0.0602247,0.0881232,525.923,0.0503964,0.0798581,529.825,0.0493287,0.0591499
512.488,0.060673,0.0889147,525.968,0.0507144,0.080592,529.867,0.0496493,0.0596943
512.527,0.0611235,0.0897074,526.013,0.0510336,0.0813274,529.91,0.0499714,0.0602398
512.565,0.061576,0.0905018,526.058,0.0513541,0.0820641,529.952,0.0502951,0.0607866
512.604,0.0620306,0.0912977,526.103,0.0516758,0.0828024,529.995,0.0506202,0.0613346
512.643,0.0624877,0.092095,526.148,0.0519985,0.0835415,530.037,0.0509469,0.0618837
512.682,0.0629473,0.0928938,526.193,0.0523226,0.0842826,530.08,0.0512747,0.0624334
512.721,0.0634093,0.093694,526.238,0.052648,0.0850252,530.122,0.0516041,0.0629845
512.76,0.0638737,0.0944959,526.283,0.0529745,0.0857696,530.165,0.0519349,0.0635367
512.799,0.0643406,0.0952991,526.328,0.0533023,0.0865152,530.207,0.052267,0.0640898
512.838,0.0648096,0.0961035,526.373,0.0536314,0.0872624,530.25,0.0526006,0.0646441
512.877,0.0652808,0.0969093,526.418,0.0539615,0.0880108,530.292,0.0529356,0.0651994
512.916,0.0657542,0.0977159,526.463,0.0542929,0.0887606,530.335,0.0532718,0.0657559
512.955,0.0662303,0.0985245,526.508,0.0546255,0.0895119,530.377,0.0536093,0.0663133
512.994,0.0667088,0.0993345,526.553,0.0549596,0.0902648,530.42,0.0539484,0.0668722
513.033,0.0671898,0.100146,526.597,0.0552951,0.0910196,530.462,0.0542888,0.0674321
513.072,0.0676731,0.100958,526.642,0.0556317,0.0917755,530.504,0.0546308,0.0679933
513.111,0.0681583,0.101772,526.687,0.0559695,0.0925328,530.547,0.054974,0.0685556
513.15,0.0686459,0.102587,526.732,0.0563085,0.0932917,530.589,0.0553187,0.0691191
513.189,0.0691365,0.103405,526.777,0.0566486,0.094052,530.632,0.0556649,0.0696841
513.228,0.0696301,0.104224,526.822,0.05699,0.0948141,530.674,0.0560125,0.0702501
513.267,0.0701262,0.105044,526.867,0.0573326,0.0955779,530.717,0.0563616,0.0708174
513.306,0.0706245,0.105865,526.912,0.0576768,0.0963435,530.759,0.056712,0.0713858
513.345,0.0711255,0.106688,526.957,0.0580224,0.0971108,530.802,0.057064,0.0719554
513.384,0.071629,0.107512,527.002,0.0583694,0.0978798,530.844,0.0574174,0.0725262
513.423,0.0721357,0.108338,527.047,0.0587177,0.0986506,530.887,0.0577724,0.0730983
513.462,0.0726453,0.109164,527.092,0.0590672,0.0994223,530.929,0.0581289,0.0736716
513.501,0.0731576,0.109993,527.137,0.0594183,0.100196,530.972,0.0584869,0.0742459
513.54,0.0736723,0.110822,527.182,0.0597707,0.100971,531.014,0.0588467,0.074822
513.579,0.0741898,0.111654,527.227,0.0601246,0.101748,531.057,0.0592081,0.075399
513.618,0.0747101,0.112486,527.272,0.06048,0.102526,531.099,0.0595708,0.0759772
513.657,0.0752339,0.11332,527.317,0.0608369,0.103306,531.142,0.0599353,0.0765566
513.696,0.0757607,0.114156,527.362,0.0611953,0.104088,531.184,0.0603016,0.0771376
513.735,0.0762901,0.114992,527.407,0.0615548,0.104871,531.227,0.0606696,0.0777198
513.774,0.0768221,0.11583,527.452,0.0619156,0.105656,531.269,0.0610391,0.078303
513.813,0.0773566,0.116669,527.497,0.0622778,0.106442,531.312,0.0614103,0.0788873
513.852,0.0778938,0.117509,527.542,0.0626417,0.107231,531.354,0.0617833,0.0794729
513.891,0.0784331,0.11835,527.587,0.0630068,0.108021,531.397,0.0621579,0.0800597
513.93,0.0789742,0.119193,527.632,0.0633733,0.108812,531.439,0.0625341,0.0806476
513.969,0.079517,0.120037,527.677,0.0637417,0.109605,531.482,0.062912,0.0812368
514.008,0.0800621,0.120883,527.722,0.0641117,0.110399,531.524,0.0632916,0.0818271
514.047,0.0806094,0.121731,527.767,0.0644835,0.111196,531.567,0.0636726,0.0824183
514.087,0.0811589,0.12258,527.812,0.0648569,0.111993,531.609,0.0640552,0.0830104
514.126,0.0817103,0.12343,527.857,0.0652327,0.112793,531.652,0.0644398,0.0836039
514.165,0.0822639,0.124282,527.902,0.0656104,0.113594,531.694,0.0648261,0.0841984
514.204,0.0828195,0.125136,527.947,0.0659901,0.114396,531.737,0.0652143,0.084794
514.243,0.0833766,0.125991,527.992,0.066372,0.1152,531.779,0.0656043,0.0853908
514.282,0.0839344,0.126846,528.037,0.0667557,0.116006,531.822,0.0659965,0.0859892
514.321,0.0844939,0.127703,528.082,0.0671417,0.116813,531.864,0.0663907,0.0865889
514.36,0.0850553,0.128561,528.127,0.0675295,0.117622,531.907,0.0667865,0.0871893
514.399,0.0856186,0.12942,528.172,0.0679195,0.118432,531.949,0.0671844,0.0877911
514.438,0.0861833,0.130281,528.217,0.0683116,0.119244,531.992,0.0675842,0.088394
514.477,0.0867499,0.131143,528.262,0.0687058,0.120057,532.034,0.0679861,0.088998
514.516,0.0873178,0.132006,528.307,0.0691021,0.120871,532.077,0.0683906,0.089604
514.555,0.0878876,0.13287,528.352,0.0695002,0.121687,532.119,0.0687968,0.0902107
514.594,0.0884593,0.133736,528.397,0.0699006,0.122505,532.162,0.0692051,0.0908188
514.633,0.0890331,0.134603,528.442,0.070303,0.123324,532.204,0.0696155,0.0914283
514.672,0.0896087,0.135471,528.487,0.0707075,0.124146,532.247,0.0700281,0.0920391
514.711,0.0901866,0.136341,528.532,0.0711136,0.124968,532.289,0.0704427,0.0926511
514.75,0.0907668,0.137212,528.577,0.0715216,0.125793,532.332,0.0708597,0.0932649
514.789,0.0913489,0.138084,528.622,0.0719312,0.126618,532.375,0.0712786,0.09388
514.828,0.0919331,0.138958,528.667,0.0723425,0.127445,532.417,0.0716993,0.0944959
514.867,0.0925191,0.139832,528.712,0.0727554,0.128274,532.46,0.0721223,0.0951134
514.906,0.0931075,0.140709,528.757,0.0731698,0.129104,532.502,0.0725472,0.0957319
514.945,0.0936984,0.141586,528.802,0.0735855,0.129936,532.545,0.0729744,0.096352
514.984,0.0942914,0.142465,528.847,0.0740021,0.130769,532.587,0.0734036,0.0969731
515.023,0.0948868,0.143345,528.892,0.07442,0.131604,532.63,0.0738349,0.0975956
515.062,0.0954848,0.144226,528.937,0.0748393,0.13244,532.673,0.0742678,0.0982189
515.101,0.0960855,0.145109,528.982,0.0752594,0.133278,532.715,0.0747028,0.0988435
515.14,0.0966896,0.145993,529.027,0.0756806,0.134116,532.758,0.0751395,0.0994693
515.179,0.0972963,0.146878,529.072,0.0761029,0.134957,532.8,0.0755779,0.100096
515.218,0.0979057,0.147764,529.117,0.0765263,0.135798,532.843,0.0760182,0.100724
515.257,0.0985184,0.148651,529.162,0.0769514,0.136642,532.885,0.0764603,0.101353
515.296,0.0991346,0.14954,529.207,0.0773781,0.137488,532.928,0.0769042,0.101984
515.335,0.099754,0.150431,529.252,0.0778062,0.138335,532.97,0.0773496,0.102615
515.374,0.100376,0.151322,529.297,0.0782356,0.139183,533.013,0.0777966,0.103247
515.413,0.101001,0.152214,529.342,0.0786664,0.140033,533.055,0.0782456,0.103881
515.452,0.10163,0.153108,529.387,0.0790988,0.140885,533.098,0.0786963,0.104515
515.491,0.102263,0.154003,529.432,0.0795326,0.141738,533.14,0.0791489,0.105151
515.53,0.102898,0.1549,529.477,0.0799685,0.142593,533.183,0.0796035,0.105788
515.568,0.103537,0.155797,529.522,0.0804058,0.143449,533.225,0.0800598,0.106427
515.607,0.10418,0.156696,529.567,0.0808449,0.144306,533.268,0.0805181,0.107066
515.646,0.104826,0.157596,529.612,0.0812861,0.145165,533.31,0.0809787,0.107707
515.685,0.105474,0.158497,529.657,0.0817291,0.146025,533.353,0.0814411,0.108349
515.724,0.106127,0.159399,529.702,0.0821735,0.146886,533.395,0.0819056,0.108992
515.763,0.106783,0.160303,529.747,0.0826199,0.147749,533.438,0.0823722,0.109637
515.802,0.107442,0.161208,529.791,0.0830687,0.148614,533.48,0.0828409,0.110282
515.841,0.108105,0.162115,529.836,0.0835197,0.14948,533.523,0.0833114,0.110929
515.88,0.108771,0.163024,529.881,0.0839731,0.150349,533.565,0.0837843,0.111577
515.919,0.109442,0.163933,529.926,0.0844287,0.151219,533.608,0.0842597,0.112227
515.958,0.110115,0.164844,529.971,0.0848868,0.15209,533.65,0.0847372,0.112878
515.997,0.110792,0.165756,530.016,0.0853474,0.152963,533.693,0.0852173,0.11353
516.036,0.111472,0.16667,530.061,0.0858104,0.153837,533.735,0.0856995,0.114184
516.075,0.112156,0.167584,530.106,0.086276,0.154714,533.778,0.0861839,0.114839
516.114,0.112843,0.1685,530.151,0.0867444,0.155592,533.82,0.0866703,0.115495
516.153,0.113534,0.169417,530.196,0.0872152,0.156472,533.863,0.0871586,0.116152
516.192,0.114228,0.170336,530.241,0.087688,0.157353,533.905,0.0876494,0.116811
516.23,0.114925,0.171256,530.286,0.0881631,0.158237,533.948,0.0881421,0.117471
516.269,0.115626,0.172177,530.331,0.0886405,0.159121,533.99,0.0886373,0.118132
516.308,0.116331,0.1731,530.376,0.0891196,0.160007,534.033,0.0891343,0.118794
516.347,0.117038,0.174025,530.421,0.0896004,0.160894,534.075,0.0896337,0.119458
516.386,0.117749,0.174951,530.466,0.090083,0.161783,534.118,0.0901352,0.120123
516.425,0.118464,0.175878,530.511,0.0905675,0.162673,534.16,0.0906391,0.12079
516.464,0.119181,0.176807,530.556,0.091054,0.163564,534.203,0.0911448,0.121457
516.503,0.119902,0.177738,530.601,0.091543,0.164457,534.245,0.0916528,0.122126
516.542,0.120626,0.17867,530.646,0.0920344,0.165352,534.288,0.0921628,0.122796
516.581,0.121352,0.179603,530.691,0.0925286,0.166249,534.33,0.0926747,0.123467
516.62,0.122081,0.180537,530.736,0.0930257,0.167147,534.373,0.0931882,0.124139
516.659,0.122813,0.181472,530.781,0.0935258,0.168047,534.415,0.0937033,0.124812
516.698,0.123548,0.182408,530.826,0.0940288,0.168949,534.458,0.0942203,0.125486
516.737,0.124286,0.183346,530.871,0.0945347,0.169853,534.5,0.094739,0.126162
516.776,0.125028,0.184286,530.916,0.0950431,0.170758,534.543,0.0952597,0.126839
516.815,0.125773,0.185226,530.961,0.0955542,0.171664,534.585,0.0957821,0.127517
516.854,0.126521,0.186166,531.006,0.0960677,0.172573,534.628,0.096306,0.128196
516.893,0.127271,0.187109,531.051,0.0965834,0.173482,534.67,0.0968318,0.128876
516.932,0.128024,0.188052,531.096,0.0971016,0.174394,534.713,0.09736,0.129558
516.971,0.12878,0.188998,531.141,0.0976219,0.175307,534.755,0.09789,0.130241
517.01,0.129539,0.189945,531.186,0.0981442,0.176222,534.798,0.098422,0.130925
517.049,0.130301,0.190893,531.231,0.0986686,0.177137,534.84,0.0989563,0.131611
517.088,0.131067,0.191844,531.276,0.0991953,0.178055,534.882,0.0994923,0.132298
517.127,0.131836,0.192795,531.321,0.0997237,0.178974,534.925,0.10003,0.132985
517.166,0.132609,0.193749,531.366,0.100255,0.179895,534.967,0.10057,0.133674
517.205,0.133385,0.194703,531.411,0.100788,0.180818,535.01,0.101112,0.134365
517.244,0.134164,0.195659,531.456,0.101322,0.181742,535.052,0.101657,0.135057
517.283,0.134946,0.196615,531.501,0.101859,0.182668,535.095,0.102204,0.135751
517.322,0.135731,0.197573,531.546,0.102398,0.183595,535.137,0.102753,0.136445
517.361,0.13652,0.198532,531.591,0.102939,0.184524,535.18,0.103303,0.137141
517.4,0.137312,0.199494,531.636,0.103482,0.185455,535.222,0.103856,0.137838
517.439,0.138109,0.200456,531.681,0.104027,0.186387,535.265,0.104412,0.138536
517.478,0.138909,0.201419,531.726,0.104574,0.187321,535.307,0.104969,0.139236
517.517,0.139714,0.202383,531.771,0.105123,0.188257,535.35,0.105529,0.139937
517.556,0.140523,0.203349,531.816,0.105674,0.189194,535.392,0.106091,0.140639
517.595,0.141337,0.204316,531.861,0.106227,0.190132,535.434,0.106655,0.141342
517.634,0.142155,0.205285,531.906,0.106781,0.191073,535.477,0.107222,0.142047
517.673,0.142977,0.206255,531.951,0.107338,0.192014,535.519,0.10779,0.142752
517.713,0.143804,0.207227,531.996,0.107896,0.192957,535.562,0.108362,0.14346
517.752,0.144635,0.2082,532.041,0.108457,0.193902,535.604,0.108936,0.144169
517.791,0.14547,0.209174,532.086,0.10902,0.194849,535.647,0.109512,0.144879
517.83,0.146309,0.210149,532.131,0.109584,0.195797,535.689,0.11009,0.14559
517.869,0.147152,0.211126,532.176,0.110151,0.196746,535.732,0.110671,0.146303
517.908,0.147998,0.212104,532.221,0.11072,0.197698,535.774,0.111254,0.147017
517.947,0.148848,0.213084,532.266,0.111292,0.198651,535.817,0.111839,0.147732
517.986,0.149702,0.214064,532.311,0.111867,0.199605,535.859,0.112427,0.148449
518.025,0.150559,0.215046,532.356,0.112444,0.200561,535.902,0.113018,0.149168
518.064,0.151421,0.216029,532.401,0.113024,0.201519,535.944,0.11361,0.149887
518.103,0.152285,0.217013,532.446,0.113608,0.202478,535.987,0.114204,0.150608
518.142,0.153153,0.217998,532.491,0.114194,0.203439,536.029,0.114801,0.15133
518.181,0.154025,0.218984,532.536,0.114783,0.204402,536.072,0.1154,0.152054
518.22,0.1549,0.219971,532.581,0.115375,0.205366,536.114,0.116,0.152778
518.259,0.155779,0.22096,532.627,0.11597,0.206332,536.157,0.116603,0.153504
518.298,0.156662,0.221949,532.672,0.116567,0.207299,536.199,0.117208,0.154232
518.337,0.157548,0.22294,532.717,0.117167,0.208267,536.242,0.117815,0.15496
518.376,0.158436,0.223932,532.762,0.11777,0.209238,536.285,0.118424,0.155691
518.415,0.159327,0.224925,532.807,0.118375,0.210209,536.327,0.119036,0.156422
518.454,0.160221,0.225918,532.852,0.118983,0.211181,536.37,0.11965,0.157155
518.493,0.161119,0.226914,532.897,0.119594,0.212155,536.412,0.120266,0.157889
518.532,0.162021,0.227911,532.942,0.120207,0.213131,536.455,0.120885,0.158625
518.571,0.162925,0.228909,532.987,0.120823,0.214108,536.497,0.121506,0.159362
518.61,0.163833,0.229908,533.032,0.121442,0.215086,536.54,0.122129,0.160101
518.649,0.164745,0.230908,533.077,0.122064,0.216066,536.582,0.122755,0.160841
518.688,0.16566,0.23191,533.122,0.122688,0.217048,536.625,0.123382,0.161582
518.727,0.166577,0.232913,533.167,0.123316,0.218031,536.668,0.124012,0.162324
518.766,0.167498,0.233917,533.212,0.123945,0.219015,536.71,0.124645,0.163067
518.805,0.168423,0.234923,533.257,0.124577,0.22,536.753,0.125279,0.163812
518.844,0.169352,0.23593,533.302,0.125212,0.220987,536.795,0.125917,0.164559
518.883,0.170284,0.236939,533.347,0.12585,0.221975,536.838,0.126557,0.165307
518.922,0.17122,0.237949,533.392,0.12649,0.222965,536.88,0.127199,0.166056
518.962,0.172159,0.23896,533.437,0.127132,0.223955,536.923,0.127844,0.166806
519.001,0.173101,0.239971,533.482,0.127778,0.224947,536.966,0.128492,0.167558
519.04,0.174047,0.240983,533.527,0.128426,0.225941,537.008,0.129142,0.168311
519.078,0.174996,0.241996,533.572,0.129078,0.226937,537.051,0.129794,0.169064
519.117,0.175949,0.243011,533.617,0.129732,0.227933,537.093,0.130448,0.169819
519.156,0.176905,0.244026,533.661,0.130389,0.228932,537.136,0.131105,0.170576
519.195,0.177864,0.245043,533.706,0.131049,0.229931,537.178,0.131764,0.171333
519.234,0.178827,0.246061,533.751,0.131712,0.230932,537.221,0.132425,0.172092
519.273,0.179793,0.24708,533.796,0.132378,0.231934,537.263,0.133089,0.172852
519.312,0.180763,0.2481,533.841,0.133046,0.232938,537.306,0.133755,0.173613
519.351,0.181736,0.249122,533.886,0.133718,0.233942,537.348,0.134424,0.174375
519.39,0.182714,0.250145,533.931,0.134393,0.234949,537.391,0.135094,0.175139
519.429,0.183696,0.251169,533.976,0.135071,0.235958,537.434,0.135767,0.175904
519.468,0.184682,0.252194,534.021,0.135752,0.236967,537.476,0.136442,0.176671
519.507,0.185672,0.253221,534.066,0.136436,0.237979,537.519,0.13712,0.177439
519.546,0.186666,0.254248,534.111,0.137123,0.238992,537.561,0.1378,0.178208
519.585,0.187665,0.255276,534.156,0.137813,0.240006,537.604,0.138481,0.178978
519.624,0.188668,0.256306,534.201,0.138506,0.241022,537.646,0.139164,0.179749
519.663,0.189675,0.257337,534.246,0.139201,0.242039,537.689,0.13985,0.180522
519.702,0.190686,0.258368,534.291,0.139901,0.243057,537.731,0.140537,0.181295
519.741,0.191701,0.259401,534.335,0.140604,0.244078,537.774,0.141226,0.182069
519.78,0.19272,0.260435,534.38,0.14131,0.2451,537.816,0.141918,0.182845
519.819,0.193743,0.26147,534.425,0.142019,0.246124,537.859,0.142611,0.183622
519.858,0.194769,0.262506,534.47,0.142732,0.247149,537.901,0.143306,0.1844
519.897,0.1958,0.263544,534.515,0.143448,0.248176,537.944,0.144003,0.185179
519.936,0.196834,0.264583,534.56,0.144168,0.249204,537.986,0.144702,0.185959
519.975,0.197873,0.265623,534.605,0.144891,0.250234,538.028,0.145403,0.186741
520.014,0.198915,0.266663,534.65,0.145617,0.251266,538.071,0.146106,0.187525
520.053,0.199961,0.267705,534.695,0.146346,0.252298,538.113,0.146811,0.188309
520.092,0.201011,0.268748,534.74,0.147078,0.253332,538.156,0.147518,0.189095
520.131,0.202065,0.269792,534.785,0.147814,0.254367,538.198,0.148227,0.189882
520.17,0.203123,0.270837,534.83,0.148554,0.255404,538.241,0.148938,0.190671
520.209,0.204184,0.271883,534.875,0.149296,0.256442,538.283,0.149651,0.191461
520.248,0.20525,0.27293,534.92,0.150043,0.257481,538.326,0.150367,0.192251
520.287,0.206319,0.273979,534.965,0.150792,0.258522,538.368,0.151084,0.193044
520.326,0.207392,0.275029,535.01,0.151546,0.259564,538.411,0.151804,0.193837
520.365,0.208469,0.27608,535.055,0.152303,0.260608,538.453,0.152525,0.194631
520.404,0.20955,0.277132,535.1,0.153063,0.261653,538.495,0.153249,0.195427
520.443,0.210636,0.278186,535.145,0.153828,0.2627,538.538,0.153975,0.196224
520.482,0.211726,0.279241,535.19,0.154597,0.263749,538.58,0.154704,0.197023
520.521,0.21282,0.280298,535.235,0.155369,0.264799,538.623,0.155434,0.197822
520.56,0.213918,0.281355,535.28,0.156145,0.26585,538.665,0.156167,0.198623
520.599,0.215019,0.282413,535.325,0.156925,0.266903,538.708,0.156901,0.199426
520.638,0.216124,0.283473,535.37,0.157709,0.267957,538.75,0.157638,0.200229
520.677,0.217234,0.284534,535.414,0.158497,0.269013,538.793,0.158377,0.201034
520.716,0.218347,0.285596,535.459,0.159289,0.27007,538.835,0.159118,0.201839
520.755,0.219465,0.286659,535.504,0.160085,0.271129,538.877,0.159861,0.202646
520.794,0.220586,0.287723,535.549,0.160884,0.272189,538.92,0.160607,0.203455
520.833,0.221711,0.288787,535.594,0.161687,0.273251,538.962,0.161354,0.204264
520.872,0.222841,0.289853,535.639,0.162494,0.274314,539.005,0.162105,0.205075
520.911,0.223976,0.29092,535.684,0.163305,0.275379,539.047,0.162858,0.205888
520.95,0.225115,0.291989,535.729,0.164119,0.276446,539.09,0.163613,0.206701
520.989,0.226258,0.293058,535.774,0.164937,0.277514,539.132,0.16437,0.207517
521.028,0.227406,0.294129,535.819,0.16576,0.278584,539.174,0.165131,0.208333
521.067,0.228557,0.2952,535.865,0.166585,0.279655,539.217,0.165893,0.209151
521.106,0.229713,0.296273,535.91,0.167415,0.280728,539.259,0.166658,0.20997
521.145,0.230873,0.297347,535.955,0.168248,0.281802,539.302,0.167426,0.210791
521.184,0.232036,0.298421,536,0.169085,0.282876,539.344,0.168197,0.211614
521.223,0.233202,0.299495,536.045,0.169926,0.283953,539.387,0.16897,0.212438
521.262,0.234372,0.300571,536.09,0.170771,0.285031,539.429,0.169745,0.213263
521.301,0.235546,0.301648,536.135,0.17162,0.286109,539.472,0.170522,0.214089
521.34,0.236723,0.302726,536.18,0.172473,0.28719,539.514,0.171302,0.214916
521.379,0.237906,0.303806,536.225,0.173331,0.288271,539.557,0.172085,0.215744
521.418,0.23909,0.304885,536.27,0.174192,0.289354,539.599,0.17287,0.216575
521.457,0.24028,0.305967,536.315,0.175057,0.290438,539.642,0.173657,0.217406
521.496,0.241473,0.307049,536.36,0.175926,0.291523,539.684,0.174447,0.218239
521.535,0.242671,0.308132,536.404,0.176798,0.292609,539.727,0.175239,0.219073
521.574,0.243873,0.309217,536.449,0.177675,0.293696,539.769,0.176035,0.219909
521.613,0.245079,0.310302,536.494,0.178557,0.294785,539.812,0.176832,0.220746
521.652,0.24629,0.311389,536.539,0.179443,0.295875,539.854,0.177631,0.221585
521.691,0.247505,0.312477,536.584,0.180334,0.296968,539.897,0.178433,0.222424
521.73,0.248725,0.313566,536.629,0.181228,0.29806,539.939,0.179238,0.223266
521.769,0.249949,0.314656,536.674,0.182128,0.299155,539.982,0.180045,0.224108
521.808,0.251178,0.315746,536.719,0.183033,0.300252,540.024,0.180853,0.224951
521.847,0.252411,0.316838,536.764,0.183941,0.301349,540.067,0.181664,0.225796
521.886,0.25365,0.317931,536.809,0.184855,0.302448,540.109,0.182477,0.226642
521.925,0.254894,0.319025,536.854,0.185774,0.30355,540.152,0.183291,0.227489
521.964,0.256142,0.32012,536.899,0.186696,0.304652,540.194,0.184108,0.228337
522.003,0.257394,0.321216,536.944,0.187624,0.305755,540.237,0.184927,0.229187
522.042,0.25865,0.322313,536.989,0.188556,0.30686,540.279,0.185749,0.230038
522.081,0.259911,0.323411,537.034,0.189492,0.307966,540.322,0.186572,0.23089
522.12,0.261175,0.324511,537.079,0.190432,0.309074,540.364,0.187397,0.231743
522.159,0.262443,0.32561,537.124,0.191377,0.310183,540.407,0.188225,0.232598
522.198,0.263715,0.326711,537.169,0.192325,0.311293,540.449,0.189054,0.233454
522.237,0.264991,0.327813,537.215,0.193277,0.312404,540.492,0.189886,0.234311
522.276,0.266273,0.328916,537.26,0.194233,0.313516,540.534,0.19072,0.235169
522.315,0.267558,0.33002,537.305,0.195193,0.31463,540.577,0.191556,0.236029
522.354,0.268848,0.331125,537.35,0.196156,0.315745,540.619,0.192394,0.236889
522.393,0.270142,0.332231,537.394,0.197124,0.31686,540.662,0.193235,0.237751
522.432,0.271441,0.333337,537.439,0.198096,0.317977,540.704,0.194078,0.238615
522.471,0.272744,0.334444,537.484,0.199072,0.319096,540.747,0.194923,0.23948
522.51,0.274051,0.335552,537.529,0.200051,0.320215,540.789,0.19577,0.240346
522.549,0.275363,0.336661,537.574,0.201034,0.321334,540.832,0.196619,0.241213
522.588,0.276679,0.337771,537.619,0.202021,0.322455,540.874,0.197472,0.242082
522.627,0.278,0.338883,537.664,0.203013,0.323577,540.917,0.198325,0.242952
522.666,0.279323,0.339994,537.709,0.20401,0.324701,540.959,0.199181,0.243823
522.705,0.28065,0.341107,537.754,0.205011,0.325826,541.002,0.20004,0.244695
522.744,0.281982,0.34222,537.799,0.206016,0.326952,541.044,0.200901,0.245569
522.783,0.283316,0.343334,537.844,0.207026,0.328079,541.087,0.201764,0.246444
522.822,0.284655,0.344449,537.889,0.208041,0.329208,541.129,0.20263,0.24732
522.861,0.285998,0.345565,537.934,0.20906,0.330339,541.172,0.203498,0.248197
522.9,0.287343,0.346681,537.979,0.210084,0.331471,541.214,0.204368,0.249076
522.939,0.288693,0.347798,538.024,0.211113,0.332605,541.257,0.205241,0.249956
522.978,0.290047,0.348915,538.069,0.212146,0.333739,541.299,0.206115,0.250837
523.017,0.291404,0.350033,538.114,0.213184,0.334874,541.342,0.206992,0.251719
523.056,0.292764,0.351152,538.159,0.214227,0.336011,541.384,0.207871,0.252603
523.095,0.294129,0.352272,538.204,0.215275,0.33715,541.427,0.208752,0.253487
523.134,0.295498,0.353393,538.249,0.216328,0.33829,541.469,0.209636,0.254374
523.173,0.296872,0.354515,538.294,0.217385,0.339431,541.512,0.210521,0.255261
523.212,0.298249,0.355638,538.339,0.218447,0.340573,541.554,0.211409,0.256149
523.251,0.299631,0.356762,538.384,0.219514,0.341717,541.597,0.212299,0.257038
523.29,0.301018,0.357888,538.429,0.220585,0.342862,541.639,0.213191,0.257929
523.329,0.302409,0.359014,538.474,0.22166,0.344008,541.682,0.214084,0.258821
523.368,0.303804,0.360141,538.519,0.22274,0.345155,541.724,0.21498,0.259714
523.407,0.305204,0.361269,538.564,0.223824,0.346303,541.766,0.215878,0.260608
523.446,0.306607,0.362398,538.609,0.224912,0.347452,541.809,0.216778,0.261503
523.485,0.308013,0.363527,538.654,0.226004,0.348603,541.851,0.217681,0.2624
523.524,0.309423,0.364658,538.699,0.227101,0.349754,541.894,0.218586,0.263298
523.563,0.310837,0.36579,538.744,0.228202,0.350907,541.936,0.219494,0.264197
523.602,0.312255,0.366922,538.789,0.229306,0.352061,541.979,0.220403,0.265098
523.641,0.313675,0.368054,538.834,0.230416,0.353215,542.021,0.221315,0.265999
523.68,0.3151,0.369186,538.879,0.231529,0.354371,542.064,0.222229,0.266902
523.719,0.316529,0.370319,538.924,0.232647,0.355528,542.106,0.223146,0.267807
523.758,0.317962,0.371454,538.969,0.23377,0.356686,542.149,0.224065,0.268712
523.797,0.3194,0.372589,539.014,0.234896,0.357844,542.191,0.224986,0.269619
523.836,0.320842,0.373725,539.059,0.236026,0.359004,542.234,0.225909,0.270527
523.875,0.322289,0.374862,539.104,0.237162,0.360165,542.276,0.226835,0.271436
523.914,0.323741,0.376,539.149,0.238302,0.361328,542.319,0.227762,0.272347
523.953,0.325195,0.377138,539.194,0.239449,0.362492,542.361,0.228692,0.273258
523.992,0.326654,0.378277,539.239,0.240601,0.363657,542.404,0.229624,0.274172
524.031,0.328117,0.379416,539.284,0.24176,0.364823,542.446,0.230559,0.275086
524.069,0.329583,0.380556,539.329,0.242924,0.36599,542.489,0.231495,0.276001
524.108,0.331052,0.381697,539.374,0.244095,0.367159,542.531,0.232434,0.276918
524.147,0.332526,0.382839,539.419,0.245272,0.368329,542.574,0.233375,0.277836
524.186,0.334002,0.383981,539.464,0.246456,0.369499,542.616,0.234318,0.278756
524.225,0.335483,0.385124,539.509,0.247646,0.370671,542.659,0.235262,0.279676
524.264,0.336967,0.386268,539.554,0.248843,0.371844,542.701,0.236209,0.280597
524.303,0.338455,0.387413,539.599,0.250047,0.373019,542.743,0.237158,0.281519
524.342,0.339946,0.388559,539.645,0.251258,0.374195,542.786,0.238109,0.282443
524.381,0.341442,0.389706,539.69,0.252475,0.375372,542.828,0.239062,0.283368
524.42,0.34294,0.390854,539.735,0.253698,0.376549,542.871,0.240017,0.284294
524.459,0.344441,0.392001,539.78,0.254927,0.377728,542.913,0.240975,0.285222
524.498,0.345945,0.393151,539.825,0.256163,0.378908,542.956,0.241935,0.286151
524.537,0.347453,0.394301,539.87,0.257403,0.380088,542.998,0.242897,0.28708
524.576,0.348964,0.395451,539.915,0.25865,0.381269,543.041,0.243861,0.288011
524.615,0.350477,0.396601,539.96,0.259902,0.382451,543.083,0.244826,0.288943
524.654,0.351993,0.397753,540.005,0.26116,0.383635,543.126,0.245794,0.289876
524.693,0.353513,0.398904,540.05,0.262423,0.384819,543.168,0.246765,0.290811
524.732,0.355036,0.400057,540.095,0.263692,0.386003,543.211,0.247738,0.291747
524.771,0.356563,0.40121,540.14,0.264966,0.387189,543.253,0.248713,0.292685
524.81,0.358093,0.402364,540.185,0.266244,0.388375,543.296,0.24969,0.293623
524.849,0.359628,0.403518,540.23,0.267527,0.389562,543.338,0.25067,0.294563
524.888,0.361167,0.404674,540.275,0.268815,0.390749,543.381,0.251653,0.295504
524.927,0.362708,0.405831,540.32,0.270108,0.391938,543.423,0.252638,0.296446
524.966,0.364254,0.406988,540.365,0.271405,0.393127,543.466,0.253626,0.29739
525.005,0.365805,0.408148,540.41,0.272707,0.394318,543.508,0.254616,0.298335
525.044,0.367359,0.409307,540.455,0.274014,0.39551,543.551,0.25561,0.299282
525.083,0.368917,0.410468,540.5,0.275325,0.396702,543.593,0.256605,0.30023
525.122,0.370477,0.411628,540.545,0.27664,0.397897,543.636,0.257603,0.301179
525.162,0.372043,0.412788,540.59,0.277958,0.399091,543.679,0.258604,0.302129
525.201,0.373612,0.413949,540.635,0.27928,0.400287,543.721,0.259608,0.303081
525.24,0.375185,0.415111,540.68,0.280605,0.401483,543.764,0.260614,0.304034
525.279,0.376761,0.416273,540.725,0.281932,0.40268,543.806,0.261623,0.304989
525.318,0.378342,0.417436,540.77,0.283263,0.403877,543.849,0.262634,0.305944
525.357,0.379927,0.4186,540.815,0.284597,0.405075,543.891,0.263647,0.3069
525.396,0.381516,0.419765,540.86,0.285935,0.406275,543.934,0.264662,0.307857
525.435,0.383108,0.420929,540.905,0.287276,0.407475,543.977,0.26568,0.308816
525.474,0.384703,0.422094,540.95,0.288621,0.408676,544.019,0.2667,0.309776
525.513,0.386301,0.42326,540.995,0.289971,0.409878,544.062,0.267722,0.310736
525.552,0.387902,0.424426,541.039,0.291323,0.41108,544.104,0.268747,0.311698
525.591,0.389507,0.425592,541.084,0.292679,0.412284,544.147,0.269774,0.312662
525.63,0.391115,0.42676,541.129,0.294039,0.413488,544.189,0.270804,0.313626
525.669,0.392726,0.427928,541.174,0.295403,0.414693,544.232,0.271836,0.314591
525.708,0.39434,0.429097,541.219,0.296769,0.415899,544.275,0.27287,0.315557
525.747,0.395959,0.430267,541.264,0.298139,0.417105,544.317,0.273906,0.316524
525.786,0.397581,0.431437,541.309,0.299513,0.418313,544.36,0.274945,0.317492
525.825,0.399207,0.432608,541.354,0.300891,0.419522,544.402,0.275986,0.318461
525.864,0.400836,0.433779,541.399,0.302272,0.420732,544.445,0.27703,0.319432
525.903,0.402467,0.43495,541.444,0.303657,0.421943,544.487,0.278077,0.320403
525.942,0.4041,0.436121,541.489,0.305046,0.423154,544.53,0.279126,0.321376
525.981,0.405737,0.437293,541.534,0.306438,0.424366,544.572,0.280177,0.32235
526.02,0.407377,0.438465,541.579,0.307834,0.425579,544.615,0.281231,0.323324
526.059,0.40902,0.439638,541.624,0.309234,0.426792,544.657,0.282287,0.3243
526.098,0.410665,0.44081,541.669,0.310638,0.428006,544.7,0.283346,0.325277
526.137,0.412314,0.441984,541.714,0.312046,0.429221,544.742,0.284407,0.326255
526.176,0.413967,0.443158,541.759,0.313459,0.430436,544.785,0.285471,0.327234
526.216,0.415623,0.444333,541.804,0.314876,0.431652,544.827,0.286537,0.328214
526.255,0.417281,0.445508,541.849,0.316299,0.432869,544.87,0.287605,0.329195
526.294,0.418942,0.446683,541.894,0.317726,0.434088,544.913,0.288676,0.330178
526.333,0.420606,0.447858,541.939,0.319159,0.435307,544.955,0.289749,0.331161
526.372,0.422272,0.449034,541.984,0.320596,0.436526,544.998,0.290825,0.332145
526.411,0.423942,0.450211,542.029,0.322039,0.437746,545.04,0.291904,0.333131
526.45,0.425613,0.451389,542.074,0.323487,0.438967,545.083,0.292986,0.334118
526.489,0.427287,0.452566,542.119,0.32494,0.440189,545.125,0.294069,0.335106
526.528,0.428961,0.453743,542.164,0.326398,0.441411,545.168,0.295154,0.336094
526.567,0.430637,0.45492,542.209,0.327862,0.442634,545.21,0.29624,0.337083
526.606,0.432315,0.456097,542.254,0.329331,0.443858,545.253,0.297329,0.338073
526.645,0.433995,0.457276,542.299,0.330805,0.445083,545.295,0.29842,0.339064
526.684,0.435678,0.458454,542.344,0.332284,0.446308,545.338,0.299513,0.340056
526.723,0.437362,0.459633,542.389,0.333769,0.447534,545.38,0.300608,0.341049
526.762,0.439049,0.460812,542.434,0.335258,0.44876,545.423,0.301705,0.342042
526.801,0.440737,0.461992,542.479,0.336753,0.449986,545.465,0.302804,0.343036
526.84,0.442428,0.463172,542.524,0.338253,0.451214,545.507,0.303904,0.344031
526.879,0.444118,0.464352,542.569,0.339757,0.452441,545.55,0.305008,0.345027
526.918,0.445811,0.465532,542.614,0.341267,0.453669,545.592,0.306113,0.346025
526.957,0.447507,0.466713,542.658,0.342782,0.454898,545.635,0.307221,0.347023
526.996,0.449202,0.467893,542.703,0.344303,0.456128,545.677,0.308331,0.348022
527.035,0.450898,0.469073,542.749,0.34583,0.45736,545.72,0.309445,0.349022
527.074,0.452595,0.470254,542.794,0.347362,0.458592,545.762,0.310559,0.350022
527.113,0.454295,0.471435,542.839,0.348899,0.459825,545.804,0.311677,0.351025
527.152,0.455999,0.472617,542.884,0.350441,0.461058,545.847,0.312798,0.352028
527.191,0.457703,0.473799,542.929,0.351988,0.462292,545.889,0.313921,0.353032
527.23,0.45941,0.474983,542.974,0.353539,0.463527,545.932,0.315047,0.354037
527.269,0.46112,0.476167,543.019,0.355096,0.464763,545.974,0.316176,0.355043
527.308,0.462832,0.47735,543.064,0.356658,0.465999,546.016,0.317307,0.35605
527.347,0.464544,0.478533,543.109,0.358225,0.467236,546.059,0.31844,0.357058
527.386,0.466257,0.479716,543.154,0.359796,0.468473,546.101,0.319576,0.358066
527.425,0.467972,0.480899,543.199,0.361371,0.46971,546.144,0.320715,0.359075
527.464,0.469688,0.482083,543.244,0.36295,0.470948,546.186,0.321857,0.360086
527.503,0.471405,0.483266,543.289,0.364533,0.472185,546.228,0.323001,0.361097
527.542,0.473123,0.48445,543.334,0.36612,0.473423,546.271,0.324149,0.36211
527.581,0.474843,0.485633,543.379,0.367713,0.474662,546.313,0.325299,0.363124
527.62,0.476563,0.486817,543.424,0.369309,0.475901,546.356,0.326453,0.364139
527.659,0.478285,0.488001,543.469,0.370909,0.47714,546.398,0.327609,0.365155
527.698,0.480008,0.489185,543.514,0.372513,0.478379,546.441,0.328768,0.366172
527.737,0.481733,0.490369,543.559,0.374121,0.479619,546.483,0.329929,0.36719
527.776,0.483459,0.491553,543.604,0.375733,0.480859,546.525,0.331094,0.36821
527.815,0.485186,0.492736,543.649,0.37735,0.482099,546.568,0.332261,0.36923
527.853,0.486915,0.49392,543.694,0.37897,0.48334,546.61,0.333431,0.370251
527.892,0.488644,0.495105,543.739,0.380594,0.484582,546.653,0.334603,0.371273
527.931,0.490374,0.496289,543.784,0.382223,0.485823,546.695,0.335779,0.372297
527.97,0.492107,0.497475,543.829,0.383856,0.487066,546.738,0.336957,0.373321
528.009,0.49384,0.498661,543.874,0.385493,0.488309,546.78,0.338137,0.374347
528.048,0.495574,0.499847,543.919,0.387134,0.489553,546.822,0.33932,0.375373
528.087,0.497309,0.501033,543.964,0.388779,0.490796,546.865,0.340506,0.376401
528.126,0.499045,0.50222,544.009,0.390429,0.49204,546.907,0.341693,0.377429
528.165,0.500781,0.503407,544.054,0.392083,0.493285,546.95,0.342884,0.378459
528.204,0.502517,0.504593,544.099,0.393741,0.494529,546.992,0.344077,0.379489
528.243,0.504252,0.505779,544.144,0.395404,0.495775,547.035,0.345273,0.380521
528.282,0.505988,0.506966,544.189,0.397072,0.497021,547.077,0.34647,0.381553
528.321,0.507722,0.508151,544.234,0.398743,0.498266,547.12,0.347672,0.382587
528.36,0.509457,0.509336,544.279,0.40042,0.499513,547.162,0.348874,0.38362
528.399,0.511191,0.510521,544.324,0.4021,0.50076,547.205,0.350081,0.384656
528.438,0.512924,0.511706,544.369,0.403785,0.502007,547.247,0.35129,0.385693
528.477,0.514657,0.51289,544.414,0.405474,0.503254,547.29,0.352502,0.386731
528.516,0.516391,0.514075,544.459,0.407167,0.504502,547.332,0.353717,0.387769
528.555,0.518126,0.515261,544.504,0.408864,0.505749,547.375,0.354934,0.388809
528.594,0.51986,0.516446,544.549,0.410565,0.506997,547.417,0.356153,0.389849
528.633,0.521595,0.517632,544.594,0.412272,0.508246,547.46,0.357377,0.390891
528.672,0.52333,0.518818,544.639,0.413982,0.509495,547.502,0.358602,0.391934
528.711,0.525064,0.520004,544.684,0.415696,0.510743,547.545,0.359829,0.392976
528.75,0.526798,0.521189,544.729,0.417414,0.511992,547.587,0.361059,0.39402
528.789,0.528532,0.522376,544.774,0.419136,0.513241,547.63,0.362292,0.395064
528.828,0.530265,0.523562,544.819,0.420861,0.51449,547.672,0.363528,0.39611
528.867,0.531997,0.524747,544.864,0.422591,0.51574,547.715,0.364768,0.397157
528.906,0.533728,0.525934,544.909,0.424324,0.516989,547.757,0.366009,0.398204
528.944,0.535457,0.52712,544.954,0.426062,0.518239,547.8,0.367254,0.399252
528.983,0.537186,0.528306,544.999,0.427802,0.519489,547.842,0.368501,0.400301
529.022,0.538913,0.529492,545.044,0.429546,0.520739,547.885,0.369751,0.40135
529.061,0.540639,0.530678,545.089,0.431294,0.52199,547.927,0.371004,0.402401
529.1,0.542364,0.531865,545.134,0.433045,0.52324,547.97,0.37226,0.403453
529.139,0.544087,0.533051,545.179,0.434799,0.524491,548.012,0.37352,0.404506
529.178,0.545807,0.534236,545.224,0.436558,0.525742,548.055,0.374783,0.405561
529.217,0.547526,0.535421,545.269,0.438321,0.526994,548.097,0.376049,0.406616
529.256,0.549244,0.536606,545.314,0.440085,0.528245,548.14,0.377318,0.407672
529.295,0.55096,0.53779,545.359,0.441854,0.529496,548.182,0.37859,0.408728
529.334,0.552674,0.538975,545.404,0.443626,0.530748,548.225,0.379865,0.409786
529.373,0.554387,0.54016,545.449,0.445403,0.532,548.268,0.381142,0.410844
529.412,0.556098,0.541345,545.494,0.447182,0.533252,548.31,0.382422,0.411903
529.451,0.557808,0.54253,545.539,0.448966,0.534504,548.353,0.383705,0.412963
529.49,0.559514,0.543715,545.584,0.450754,0.535757,548.395,0.384991,0.414023
529.529,0.561218,0.544899,545.629,0.452545,0.53701,548.438,0.386278,0.415084
529.568,0.562921,0.546084,545.674,0.45434,0.538263,548.48,0.387569,0.416145
529.607,0.564622,0.54727,545.719,0.456137,0.539515,548.523,0.388862,0.417207
529.646,0.56632,0.548455,545.764,0.457938,0.540768,548.565,0.390158,0.41827
529.685,0.568014,0.54964,545.809,0.459741,0.542019,548.608,0.391458,0.419334
529.724,0.569705,0.550824,545.854,0.461546,0.54327,548.65,0.392759,0.420398
529.763,0.571394,0.552008,545.899,0.463354,0.544521,548.693,0.394063,0.421463
529.802,0.573081,0.553193,545.944,0.465164,0.545772,548.735,0.39537,0.422529
529.841,0.574765,0.554377,545.989,0.466978,0.547022,548.778,0.39668,0.423595
529.88,0.576446,0.555561,546.034,0.468793,0.548272,548.82,0.397993,0.424663
529.919,0.578125,0.556745,546.079,0.470611,0.549523,548.863,0.399309,0.425731
529.958,0.5798,0.557929,546.124,0.472432,0.550772,548.905,0.400627,0.426799
529.997,0.581472,0.559111,546.169,0.474254,0.552022,548.948,0.401948,0.427868
530.036,0.58314,0.560293,546.214,0.47608,0.553272,548.99,0.40327,0.428937
530.075,0.584806,0.561474,546.259,0.477908,0.554523,549.033,0.404596,0.430007
530.114,0.586469,0.562656,546.304,0.479739,0.555773,549.075,0.405925,0.431078
530.153,0.588128,0.563836,546.349,0.481571,0.557024,549.117,0.407257,0.43215
530.192,0.589784,0.565017,546.394,0.483404,0.558273,549.16,0.408593,0.433224
530.231,0.591438,0.566197,546.439,0.485241,0.559523,549.202,0.409931,0.434298
530.27,0.593089,0.567378,546.484,0.487079,0.560774,549.245,0.411272,0.435372
530.309,0.594738,0.568558,546.529,0.488919,0.562024,549.287,0.412616,0.436447
530.348,0.596383,0.569738,546.574,0.490759,0.563273,549.33,0.413963,0.437523
530.387,0.598026,0.570917,546.619,0.4926,0.564522,549.372,0.415311,0.438599
530.426,0.599666,0.572097,546.664,0.494442,0.565771,549.415,0.416663,0.439677
530.465,0.601303,0.573276,546.709,0.496285,0.567019,549.457,0.418017,0.440754
530.504,0.602937,0.574455,546.754,0.498127,0.568266,549.5,0.419375,0.441833
530.543,0.604567,0.575634,546.799,0.499972,0.569514,549.542,0.420735,0.442913
530.582,0.606193,0.576812,546.844,0.501818,0.570761,549.585,0.422098,0.443993
530.621,0.607815,0.57799,546.889,0.503665,0.572008,549.628,0.423463,0.445073
530.66,0.609435,0.579168,546.934,0.505512,0.573254,549.67,0.424831,0.446155
530.699,0.611049,0.580344,546.979,0.507362,0.5745,549.712,0.4262,0.447236
530.738,0.612659,0.581521,547.024,0.509213,0.575746,549.755,0.427574,0.44832
530.777,0.614266,0.582697,547.069,0.511065,0.576991,549.798,0.42895,0.449404
530.817,0.615869,0.583873,547.113,0.512919,0.578236,549.84,0.430328,0.450488
530.856,0.617468,0.585048,547.158,0.514773,0.57948,549.883,0.431708,0.451573
530.895,0.619062,0.586223,547.203,0.516629,0.580723,549.925,0.433091,0.452659
530.934,0.620651,0.587397,547.248,0.518487,0.581967,549.968,0.434475,0.453744
530.973,0.622235,0.58857,547.293,0.520347,0.583211,550.01,0.435861,0.45483
531.012,0.623815,0.589742,547.338,0.522209,0.584455,550.053,0.43725,0.455916
531.051,0.625391,0.590914,547.383,0.524072,0.585699,550.095,0.438641,0.457004
531.09,0.626961,0.592085,547.428,0.525935,0.586941,550.138,0.440036,0.458093
531.129,0.628527,0.593256,547.473,0.527799,0.588184,550.18,0.441432,0.459181
531.167,0.630088,0.594426,547.518,0.529665,0.589426,550.223,0.44283,0.46027
531.206,0.631646,0.595596,547.563,0.531531,0.590668,550.265,0.44423,0.46136
531.245,0.633199,0.596766,547.608,0.533397,0.591909,550.308,0.445633,0.46245
531.284,0.634749,0.597935,547.653,0.535265,0.59315,550.35,0.447037,0.46354
531.323,0.636294,0.599104,547.698,0.537133,0.594391,550.393,0.448445,0.464631
531.363,0.637835,0.600272,547.743,0.539002,0.595631,550.435,0.449855,0.465723
531.402,0.63937,0.60144,547.788,0.540872,0.596872,550.478,0.451268,0.466816
531.441,0.640901,0.602607,547.833,0.542742,0.598111,550.52,0.452681,0.467908
531.48,0.642428,0.603774,547.878,0.544612,0.59935,550.563,0.454097,0.469001
531.519,0.64395,0.604941,547.923,0.546482,0.600589,550.605,0.455516,0.470094
531.558,0.645467,0.606107,547.968,0.548355,0.601828,550.648,0.456936,0.471188
531.597,0.646979,0.607272,548.013,0.550228,0.603067,550.69,0.45836,0.472283
531.636,0.648486,0.608436,548.058,0.552102,0.604305,550.732,0.459786,0.473378
531.675,0.649988,0.6096,548.103,0.553975,0.605543,550.775,0.461214,0.474474
531.714,0.651485,0.610763,548.148,0.555849,0.60678,550.817,0.462645,0.47557
531.753,0.652976,0.611925,548.193,0.557724,0.608017,550.86,0.464077,0.476667
531.792,0.654462,0.613085,548.238,0.559597,0.609254,550.902,0.465512,0.477764
531.831,0.655943,0.614245,548.283,0.561471,0.610489,550.945,0.466949,0.478862
531.87,0.65742,0.615404,548.328,0.563344,0.611724,550.987,0.468389,0.479961
531.909,0.658893,0.616563,548.373,0.565218,0.612959,551.03,0.469831,0.481061
531.948,0.660361,0.617721,548.418,0.567092,0.614193,551.073,0.471274,0.48216
531.986,0.661824,0.618877,548.463,0.568966,0.615427,551.115,0.47272,0.483261
532.025,0.663283,0.620034,548.508,0.57084,0.61666,551.158,0.474168,0.484361
532.064,0.664736,0.62119,548.553,0.572715,0.617893,551.2,0.475617,0.485462
532.103,0.666185,0.622346,548.598,0.574589,0.619126,551.243,0.477068,0.486563
532.142,0.667629,0.623501,548.643,0.576464,0.620357,551.285,0.478521,0.487664
532.181,0.669068,0.624656,548.688,0.578339,0.621589,551.328,0.479975,0.488766
532.22,0.670502,0.62581,548.733,0.580214,0.622821,551.37,0.481432,0.489869
532.259,0.671931,0.626964,548.778,0.582088,0.624051,551.413,0.482891,0.490972
532.298,0.673353,0.628117,548.823,0.583963,0.625281,551.455,0.484353,0.492076
532.338,0.67477,0.629269,548.868,0.585836,0.62651,551.498,0.485816,0.49318
532.377,0.676182,0.630421,548.913,0.587709,0.627739,551.54,0.48728,0.494285
532.416,0.677587,0.631571,548.958,0.589583,0.628968,551.583,0.488745,0.495389
532.455,0.678987,0.63272,549.004,0.591456,0.630195,551.625,0.490214,0.496496
532.494,0.680381,0.633868,549.049,0.593328,0.631422,551.668,0.491683,0.497601
532.533,0.681769,0.635015,549.094,0.5952,0.632649,551.71,0.493155,0.498708
532.572,0.683153,0.636161,549.139,0.597071,0.633874,551.753,0.494627,0.499815
532.611,0.684532,0.637308,549.184,0.598942,0.6351,551.795,0.496101,0.500922
532.649,0.685907,0.638452,549.229,0.60081,0.636323,551.838,0.497576,0.502029
532.689,0.687278,0.639598,549.274,0.602678,0.637546,551.88,0.499052,0.503136
532.728,0.688645,0.640742,549.319,0.604543,0.638767,551.923,0.50053,0.504243
532.767,0.690006,0.641885,549.364,0.606407,0.639987,551.965,0.50201,0.505352
532.806,0.691363,0.643026,549.409,0.608269,0.641206,552.008,0.503491,0.50646
532.845,0.692714,0.644167,549.454,0.610131,0.642425,552.05,0.504973,0.507568
532.884,0.694061,0.645307,549.499,0.61199,0.643642,552.093,0.506456,0.508676
532.923,0.695404,0.646446,549.544,0.613847,0.644858,552.135,0.507942,0.509785
532.962,0.696742,0.647586,549.59,0.615704,0.646073,552.178,0.509428,0.510895
533.001,0.698075,0.648724,549.635,0.617559,0.647287,552.22,0.510916,0.512004
533.04,0.699403,0.649861,549.68,0.619411,0.648499,552.263,0.512405,0.513114
533.079,0.700727,0.650997,549.725,0.621262,0.649711,552.305,0.513897,0.514225
533.118,0.702046,0.652132,549.77,0.623114,0.650923,552.348,0.51539,0.515335
533.157,0.703361,0.653267,549.815,0.624964,0.652134,552.39,0.516883,0.516446
533.196,0.704671,0.6544,549.86,0.626812,0.653344,552.433,0.518379,0.517556
533.235,0.705976,0.655533,549.905,0.62866,0.654554,552.475,0.519877,0.518668
533.274,0.707277,0.656664,549.95,0.630505,0.655762,552.518,0.521377,0.519779
533.313,0.708573,0.657794,549.995,0.632347,0.656969,552.561,0.522881,0.520892
533.352,0.709865,0.658923,550.04,0.634187,0.658175,552.603,0.524386,0.522004
533.391,0.711152,0.660051,550.085,0.636025,0.65938,552.646,0.525894,0.523117
533.43,0.712436,0.661178,550.13,0.63786,0.660583,552.688,0.527404,0.52423
533.469,0.713715,0.662304,550.175,0.639692,0.661787,552.731,0.528916,0.525342
533.508,0.714991,0.663429,550.22,0.641521,0.662988,552.773,0.530431,0.526455
533.547,0.716262,0.664552,550.265,0.643348,0.664188,552.816,0.531948,0.527569
533.586,0.717529,0.665675,550.31,0.645172,0.665387,552.858,0.533468,0.528682
533.625,0.718791,0.666796,550.355,0.646993,0.666585,552.901,0.534991,0.529796
533.664,0.720048,0.667916,550.4,0.648812,0.667782,552.943,0.536516,0.530911
533.703,0.721302,0.669035,550.445,0.650629,0.668979,552.986,0.538042,0.532024
533.742,0.722551,0.670154,550.49,0.652442,0.670173,553.028,0.539571,0.533138
533.781,0.723796,0.671272,550.535,0.654252,0.671366,553.071,0.541102,0.534253
533.82,0.725036,0.672389,550.58,0.65606,0.672558,553.113,0.542634,0.535367
533.859,0.726273,0.673505,550.625,0.657864,0.673749,553.156,0.544169,0.536482
533.898,0.727505,0.674619,550.67,0.659665,0.674937,553.198,0.545704,0.537596
533.937,0.728734,0.675733,550.715,0.661463,0.676125,553.241,0.547241,0.538711
533.976,0.72996,0.676846,550.76,0.663259,0.677311,553.283,0.548778,0.539826
534.015,0.731182,0.677959,550.805,0.66505,0.678495,553.326,0.550317,0.54094
534.054,0.732401,0.67907,550.85,0.66684,0.679679,553.368,0.551857,0.542055
534.093,0.733617,0.680181,550.895,0.668628,0.680862,553.411,0.553397,0.54317
534.132,0.734829,0.681289,550.94,0.670411,0.682043,553.453,0.554937,0.544285
534.171,0.736036,0.682396,550.985,0.672193,0.683223,553.496,0.556477,0.545399
534.21,0.73724,0.683501,551.03,0.673971,0.684402,553.538,0.558018,0.546514
534.249,0.738441,0.684605,551.075,0.675746,0.68558,553.581,0.559559,0.54763
534.288,0.739638,0.685707,551.12,0.677517,0.686755,553.623,0.561098,0.548744
534.327,0.74083,0.686808,551.165,0.679284,0.68793,553.666,0.562637,0.549858
534.366,0.74202,0.687908,551.209,0.681049,0.689103,553.708,0.564176,0.550973
534.405,0.743207,0.689007,551.254,0.68281,0.690275,553.751,0.565715,0.552088
534.444,0.744392,0.690105,551.299,0.684567,0.691445,553.793,0.567254,0.553203
534.483,0.745573,0.691202,551.344,0.686322,0.692615,553.836,0.568791,0.554318
534.522,0.746751,0.692297,551.389,0.688073,0.693783,553.878,0.570327,0.555433
534.561,0.747926,0.693392,551.434,0.689821,0.69495,553.921,0.571863,0.556548
534.6,0.749097,0.694485,551.479,0.691566,0.696117,553.963,0.573398,0.557664
534.639,0.750265,0.695576,551.524,0.693309,0.697283,554.006,0.574934,0.558779
534.678,0.751429,0.696665,551.569,0.695048,0.698447,554.048,0.576469,0.559895
534.717,0.752589,0.697753,551.614,0.696782,0.699611,554.091,0.578004,0.561011
534.756,0.753746,0.69884,551.659,0.698513,0.700773,554.133,0.579538,0.562127
534.795,0.7549,0.699926,551.704,0.700241,0.701935,554.176,0.581071,0.563242
534.834,0.756051,0.70101,551.749,0.701963,0.703094,554.218,0.582604,0.564357
534.873,0.7572,0.702094,551.794,0.703681,0.704253,554.261,0.584136,0.565472
534.912,0.758345,0.703176,551.839,0.705393,0.705409,554.303,0.585668,0.566587
534.951,0.759488,0.704257,551.884,0.707101,0.706565,554.346,0.5872,0.567701
534.99,0.760628,0.705336,551.929,0.708804,0.707719,554.388,0.588733,0.568817
535.029,0.761765,0.706416,551.974,0.710502,0.708871,554.431,0.590265,0.569932
535.068,0.7629,0.707493,552.019,0.712196,0.710021,554.473,0.591797,0.571047
535.107,0.764031,0.70857,552.064,0.713886,0.711171,554.516,0.59333,0.572162
535.146,0.76516,0.709645,552.109,0.715571,0.712319,554.558,0.594863,0.573277
535.185,0.766285,0.710718,552.154,0.717251,0.713465,554.601,0.596394,0.574391
535.224,0.767408,0.711789,552.199,0.718927,0.714609,554.643,0.597926,0.575505
535.263,0.768527,0.712859,552.244,0.7206,0.715753,554.686,0.599458,0.57662
535.302,0.769643,0.713928,552.289,0.722267,0.716894,554.728,0.60099,0.577734
535.341,0.770757,0.714995,552.334,0.723929,0.718033,554.771,0.602521,0.578848
535.38,0.77187,0.71606,552.379,0.725587,0.719171,554.813,0.604054,0.579962
535.419,0.77298,0.717125,552.424,0.727239,0.720307,554.856,0.605586,0.581077
535.458,0.774087,0.718188,552.469,0.728888,0.721441,554.898,0.607117,0.58219
535.497,0.775191,0.719249,552.514,0.730532,0.722573,554.941,0.608649,0.583303
535.536,0.776294,0.720309,552.559,0.732172,0.723704,554.983,0.61018,0.584416
535.575,0.777394,0.721368,552.604,0.733808,0.724833,555.026,0.61171,0.585529
535.614,0.778492,0.722425,552.649,0.73544,0.725961,555.068,0.61324,0.586641
535.653,0.779587,0.723481,552.694,0.737068,0.727088,555.111,0.61477,0.587753
535.692,0.78068,0.724535,552.739,0.738692,0.728213,555.153,0.616299,0.588865
535.731,0.781771,0.725587,552.784,0.740312,0.729336,555.196,0.617829,0.589977
535.77,0.78286,0.726638,552.829,0.741927,0.730458,555.238,0.619359,0.591089
535.809,0.783947,0.727687,552.874,0.743536,0.731578,555.281,0.620889,0.5922
535.848,0.785033,0.728735,552.919,0.745141,0.732696,555.323,0.622419,0.593312
535.887,0.786117,0.729782,552.964,0.746741,0.733812,555.366,0.623948,0.594423
535.926,0.787201,0.730827,553.009,0.748336,0.734926,555.408,0.625476,0.595534
535.965,0.788283,0.73187,553.054,0.749926,0.736039,555.451,0.627003,0.596644
536.004,0.789362,0.732912,553.099,0.751511,0.73715,555.493,0.62853,0.597755
536.043,0.790439,0.733951,553.144,0.753092,0.738259,555.536,0.630057,0.598864
536.082,0.791513,0.734989,553.189,0.754668,0.739367,555.578,0.631583,0.599974
536.121,0.792587,0.736026,553.234,0.756239,0.740474,555.621,0.633109,0.601084
536.16,0.793659,0.737061,553.279,0.757806,0.741579,555.663,0.634633,0.602193
536.199,0.79473,0.738095,553.324,0.759367,0.742681,555.706,0.636157,0.603302
536.238,0.795799,0.739127,553.369,0.760922,0.743782,555.748,0.637679,0.604409
536.277,0.796866,0.740158,553.414,0.762473,0.744881,555.791,0.639201,0.605517
536.316,0.797932,0.741187,553.459,0.764018,0.745978,555.833,0.640722,0.606624
536.355,0.798996,0.742215,553.504,0.765558,0.747074,555.876,0.642242,0.607731
536.394,0.800058,0.743242,553.548,0.767092,0.748167,555.918,0.643763,0.608838
536.432,0.801117,0.744266,553.593,0.768621,0.749258,555.961,0.645282,0.609944
536.471,0.802176,0.74529,553.638,0.770145,0.750348,556.003,0.6468,0.61105
536.511,0.803232,0.746312,553.683,0.771663,0.751435,556.045,0.648317,0.612155
536.55,0.804287,0.747333,553.728,0.773177,0.752521,556.088,0.649832,0.61326
536.589,0.805339,0.748352,553.773,0.774685,0.753604,556.13,0.651346,0.614363
536.628,0.80639,0.749369,553.818,0.776188,0.754686,556.173,0.65286,0.615467
536.667,0.807439,0.750384,553.863,0.777686,0.755765,556.215,0.654373,0.61657
536.706,0.808486,0.751399,553.908,0.77918,0.756843,556.258,0.655886,0.617674
536.745,0.809531,0.752411,553.953,0.780667,0.757919,556.3,0.657398,0.618777
536.784,0.810575,0.753422,553.998,0.782152,0.758993,556.343,0.658908,0.61988
536.823,0.811616,0.754432,554.043,0.783631,0.760065,556.385,0.660417,0.620982
536.862,0.812656,0.755439,554.088,0.785104,0.761135,556.428,0.661925,0.622084
536.901,0.813694,0.756444,554.133,0.786573,0.762203,556.47,0.663431,0.623185
536.94,0.814729,0.757448,554.178,0.788037,0.763269,556.513,0.664937,0.624286
536.979,0.815763,0.75845,554.223,0.789498,0.764334,556.555,0.666442,0.625387
537.018,0.816794,0.759449,554.267,0.790952,0.765395,556.598,0.667946,0.626487
537.057,0.817823,0.760447,554.312,0.792404,0.766456,556.64,0.669448,0.627587
537.096,0.818851,0.761444,554.357,0.793851,0.767515,556.683,0.670949,0.628686
537.135,0.819878,0.762438,554.402,0.795293,0.768572,556.725,0.67245,0.629785
537.174,0.820903,0.763431,554.447,0.796731,0.769628,556.768,0.67395,0.630884
537.213,0.821926,0.764422,554.492,0.798164,0.770681,556.81,0.675447,0.631981
537.252,0.822948,0.765411,554.537,0.799592,0.771733,556.853,0.676944,0.633079
537.291,0.82397,0.7664,554.582,0.801016,0.772782,556.895,0.678441,0.634176
537.33,0.824991,0.767386,554.627,0.802435,0.77383,556.938,0.679935,0.635273
537.369,0.82601,0.76837,554.672,0.803848,0.774875,556.98,0.681429,0.636369
537.408,0.827028,0.769352,554.717,0.805256,0.775919,557.023,0.682921,0.637465
537.447,0.828044,0.770332,554.762,0.80666,0.776959,557.065,0.684413,0.638561
537.486,0.829059,0.77131,554.807,0.808059,0.777999,557.108,0.685902,0.639656
537.525,0.830073,0.772287,554.852,0.809454,0.779036,557.15,0.68739,0.64075
537.564,0.831085,0.773262,554.897,0.810844,0.780072,557.193,0.688876,0.641844
537.603,0.832097,0.774235,554.942,0.812228,0.781105,557.235,0.690359,0.642936
537.642,0.833109,0.775207,554.987,0.813608,0.782136,557.278,0.691843,0.644029
537.681,0.834119,0.776177,555.032,0.814983,0.783165,557.32,0.693323,0.64512
537.72,0.835127,0.777145,555.077,0.816353,0.784192,557.363,0.694801,0.64621
537.759,0.836134,0.778112,555.122,0.817718,0.785216,557.405,0.696278,0.647301
537.798,0.837139,0.779076,555.167,0.819079,0.786239,557.448,0.697754,0.64839
537.837,0.838142,0.780038,555.212,0.820436,0.787261,557.49,0.699228,0.64948
537.876,0.839144,0.780998,555.257,0.821787,0.788279,557.533,0.700698,0.650567
537.915,0.840143,0.781955,555.302,0.823133,0.789296,557.575,0.702166,0.651654
537.954,0.84114,0.782911,555.347,0.824475,0.790311,557.618,0.703633,0.652741
537.993,0.842135,0.783864,555.392,0.825812,0.791323,557.66,0.705098,0.653827
538.032,0.843128,0.784816,555.437,0.827144,0.792333,557.703,0.706561,0.654913
538.071,0.84412,0.785765,555.482,0.828472,0.793341,557.745,0.708022,0.655998
538.11,0.84511,0.786713,555.527,0.829793,0.794346,557.788,0.709481,0.657082
538.149,0.846098,0.787659,555.572,0.831111,0.795349,557.83,0.710937,0.658166
538.188,0.847085,0.788604,555.617,0.832423,0.796349,557.873,0.712391,0.659249
538.227,0.848069,0.789546,555.662,0.833731,0.797348,557.915,0.713842,0.660331
538.266,0.849051,0.790487,555.707,0.835034,0.798344,557.958,0.715291,0.661413
538.305,0.850032,0.791426,555.753,0.836333,0.799337,558.001,0.716737,0.662493
538.344,0.85101,0.792363,555.798,0.837626,0.800329,558.043,0.718181,0.663574
538.383,0.851985,0.793297,555.842,0.838915,0.801318,558.086,0.719622,0.664653
538.422,0.852958,0.794229,555.888,0.840199,0.802304,558.128,0.721061,0.665731
538.461,0.853929,0.795159,555.933,0.841479,0.803289,558.171,0.722498,0.666809
538.5,0.854897,0.796087,555.978,0.842754,0.804272,558.213,0.723932,0.667886
538.539,0.855863,0.797013,556.023,0.844025,0.805251,558.256,0.725362,0.668962
538.578,0.856827,0.797937,556.068,0.84529,0.806229,558.298,0.726791,0.670037
538.617,0.857789,0.798859,556.113,0.846552,0.807205,558.341,0.728216,0.671112
538.656,0.85875,0.799779,556.158,0.847809,0.808179,558.383,0.729639,0.672185
538.695,0.859708,0.800697,556.203,0.849061,0.80915,558.426,0.731059,0.673257
538.734,0.860664,0.801613,556.248,0.850308,0.810119,558.468,0.732476,0.674328
538.773,0.861618,0.802527,556.293,0.851551,0.811085,558.511,0.733891,0.675399
538.812,0.86257,0.803439,556.338,0.852789,0.812049,558.553,0.735303,0.676469
538.851,0.86352,0.804349,556.383,0.854022,0.813011,558.596,0.736713,0.677537
538.89,0.864467,0.805257,556.428,0.855249,0.813969,558.638,0.73812,0.678605
538.929,0.865412,0.806163,556.473,0.856472,0.814926,558.681,0.739524,0.679672
538.968,0.866355,0.807067,556.518,0.857691,0.815881,558.723,0.740924,0.680738
539.007,0.867295,0.807969,556.563,0.858904,0.816832,558.766,0.742322,0.681803
539.046,0.868232,0.808869,556.608,0.860112,0.817781,558.808,0.743716,0.682866
539.085,0.869166,0.809767,556.653,0.861315,0.818729,558.851,0.745107,0.683928
539.124,0.870098,0.810663,556.698,0.862514,0.819674,558.893,0.746495,0.684989
539.163,0.871027,0.811558,556.743,0.863709,0.820616,558.936,0.74788,0.686049
539.202,0.871953,0.812449,556.788,0.864898,0.821557,558.978,0.749263,0.687108
539.241,0.872877,0.813339,556.833,0.866083,0.822494,559.021,0.750643,0.688167
539.28,0.873797,0.814227,556.878,0.867263,0.823429,559.063,0.752019,0.689224
539.319,0.874715,0.815112,556.923,0.868438,0.824362,559.105,0.753393,0.69028
539.358,0.875632,0.815996,556.968,0.869608,0.825292,559.148,0.754764,0.691336
539.397,0.876545,0.816877,557.013,0.870773,0.826219,559.19,0.756133,0.692391
539.436,0.877456,0.817756,557.058,0.871933,0.827144,559.233,0.757498,0.693445
539.475,0.878365,0.818634,557.103,0.873089,0.828066,559.275,0.75886,0.694497
539.514,0.879271,0.819509,557.148,0.874239,0.828986,559.318,0.76022,0.695549
539.553,0.880175,0.820382,557.193,0.875383,0.829902,559.36,0.761577,0.6966
539.592,0.881075,0.821253,557.238,0.876523,0.830816,559.403,0.762931,0.69765
539.631,0.881974,0.822121,557.283,0.877658,0.831728,559.445,0.764281,0.698699
539.67,0.88287,0.822987,557.328,0.878787,0.832636,559.488,0.765629,0.699747
539.709,0.883764,0.823851,557.373,0.879912,0.833543,559.53,0.766974,0.700795
539.748,0.884655,0.824713,557.418,0.881033,0.834447,559.573,0.768316,0.701841
539.787,0.885544,0.825573,557.463,0.882148,0.835348,559.615,0.769654,0.702886
539.826,0.886431,0.82643,557.508,0.88326,0.836248,559.658,0.770989,0.70393
539.865,0.887315,0.827286,557.553,0.884366,0.837145,559.7,0.77232,0.704972
539.904,0.888196,0.828139,557.598,0.885468,0.838039,559.743,0.773648,0.706013
539.943,0.889076,0.82899,557.643,0.886564,0.838931,559.785,0.774972,0.707053
539.982,0.889953,0.829839,557.688,0.887656,0.839821,559.828,0.776294,0.708092
540.021,0.890828,0.830686,557.733,0.888743,0.840707,559.87,0.777613,0.709131
540.06,0.891702,0.831531,557.778,0.889824,0.841592,559.913,0.778928,0.710167
540.099,0.892572,0.832374,557.823,0.890901,0.842474,559.955,0.78024,0.711202
540.138,0.89344,0.833214,557.868,0.891973,0.843353,559.997,0.781549,0.712236
540.177,0.894305,0.834052,557.913,0.89304,0.84423,560.04,0.782854,0.71327
540.216,0.895167,0.834888,557.958,0.894101,0.845105,560.082,0.784157,0.714302
540.255,0.896025,0.835721,558.003,0.895158,0.845977,560.125,0.785457,0.715333
540.294,0.89688,0.836552,558.048,0.896209,0.846846,560.167,0.786754,0.716364
540.333,0.89773,0.837381,558.093,0.897256,0.847713,560.21,0.788048,0.717393
540.372,0.898576,0.838207,558.138,0.898297,0.848577,560.252,0.789338,0.718421
540.411,0.899417,0.839032,558.183,0.899334,0.849439,560.295,0.790625,0.719448
540.45,0.900255,0.839854,558.229,0.900364,0.850298,560.337,0.79191,0.720474
540.489,0.901088,0.840673,558.274,0.90139,0.851154,560.38,0.793192,0.721498
540.528,0.901916,0.84149,558.319,0.902411,0.852008,560.422,0.79447,0.722522
540.567,0.902741,0.842305,558.364,0.903427,0.852859,560.465,0.795746,0.723545
540.606,0.903561,0.843119,558.409,0.904437,0.853707,560.507,0.797017,0.724566
540.645,0.904378,0.84393,558.454,0.905443,0.854552,560.55,0.798285,0.725585
540.684,0.905189,0.844738,558.499,0.906443,0.855395,560.592,0.79955,0.726603
540.723,0.905997,0.845544,558.544,0.907438,0.856235,560.635,0.800812,0.72762
540.762,0.906801,0.846347,558.589,0.908428,0.857072,560.677,0.802071,0.728636
540.8,0.907601,0.847148,558.634,0.909413,0.857906,560.72,0.803327,0.729651
540.839,0.908396,0.847947,558.679,0.910393,0.858738,560.762,0.804579,0.730664
540.878,0.909186,0.848743,558.724,0.911368,0.859567,560.805,0.805829,0.731678
540.917,0.909972,0.849537,558.769,0.912339,0.860394,560.847,0.807075,0.732689
540.956,0.910755,0.850329,558.814,0.913304,0.861218,560.89,0.808317,0.733699
540.995,0.911533,0.851118,558.859,0.914265,0.862039,560.932,0.809555,0.734707
541.034,0.912306,0.851905,558.904,0.915222,0.862858,560.975,0.81079,0.735714
541.073,0.913075,0.85269,558.949,0.916173,0.863674,561.018,0.812021,0.736719
541.112,0.91384,0.853472,558.994,0.91712,0.864487,561.06,0.813248,0.737724
541.151,0.914602,0.854253,559.039,0.918061,0.865299,561.103,0.814473,0.738727
541.19,0.915359,0.855031,559.085,0.918998,0.866107,561.145,0.815692,0.739728
541.229,0.916112,0.855806,559.13,0.919928,0.866912,561.188,0.816908,0.740728
541.268,0.916862,0.856579,559.175,0.920853,0.867714,561.23,0.818121,0.741727
541.307,0.917606,0.85735,559.22,0.921773,0.868514,561.273,0.81933,0.742725
541.346,0.918347,0.858119,559.265,0.922687,0.869311,561.315,0.820535,0.74372
541.385,0.919084,0.858885,559.31,0.923596,0.870105,561.358,0.821737,0.744715
541.424,0.919817,0.859649,559.355,0.9245,0.870896,561.4,0.822936,0.745709
541.463,0.920547,0.860411,559.4,0.925398,0.871685,561.443,0.82413,0.7467
541.502,0.921273,0.86117,559.445,0.926292,0.872471,561.485,0.825321,0.747691
541.54,0.921994,0.861927,559.49,0.927179,0.873254,561.528,0.826509,0.74868
541.579,0.922712,0.862681,559.535,0.92806,0.874035,561.57,0.827694,0.749668
541.618,0.923425,0.863433,559.58,0.928936,0.874813,561.613,0.828875,0.750655
541.657,0.924134,0.864183,559.625,0.929806,0.875588,561.655,0.830052,0.75164
541.696,0.924839,0.864931,559.67,0.93067,0.876359,561.698,0.831226,0.752624
541.735,0.925538,0.865676,559.715,0.931528,0.877129,561.74,0.832397,0.753607
541.774,0.926233,0.866419,559.76,0.932381,0.877895,561.783,0.833563,0.754588
541.813,0.926923,0.86716,559.806,0.933228,0.878659,561.826,0.834726,0.755567
541.852,0.927608,0.867898,559.851,0.93407,0.879419,561.868,0.835885,0.756545
541.891,0.928287,0.868634,559.896,0.934905,0.880177,561.911,0.837042,0.757521
541.93,0.928962,0.869367,559.941,0.935734,0.880931,561.953,0.838195,0.758497
541.969,0.929631,0.870097,559.986,0.936557,0.881682,561.996,0.839344,0.75947
542.008,0.930297,0.870826,560.031,0.937375,0.882431,562.038,0.84049,0.760443
542.047,0.930958,0.871553,560.076,0.938186,0.883177,562.081,0.841632,0.761413
542.086,0.931615,0.872276,560.12,0.938991,0.883919,562.123,0.84277,0.762382
542.125,0.932267,0.872998,560.165,0.93979,0.884658,562.166,0.843905,0.763349
542.164,0.932914,0.873717,560.21,0.940583,0.885395,562.208,0.845037,0.764315
542.203,0.933558,0.874435,560.255,0.94137,0.886129,562.251,0.846164,0.765278
542.242,0.934196,0.875149,560.3,0.942152,0.88686,562.294,0.847289,0.766241
542.281,0.93483,0.875862,560.345,0.942927,0.887588,562.336,0.848409,0.767201
542.32,0.935458,0.876572,560.39,0.943698,0.888314,562.379,0.849527,0.768161
542.359,0.93608,0.87728,560.435,0.944463,0.889037,562.421,0.850641,0.769118
542.398,0.936698,0.877986,560.48,0.945222,0.889757,562.464,0.851752,0.770074
542.437,0.93731,0.87869,560.525,0.945976,0.890475,562.506,0.852859,0.771029
542.476,0.937918,0.879392,560.57,0.946723,0.891189,562.549,0.853963,0.771982
542.515,0.938521,0.880091,560.615,0.947465,0.891902,562.591,0.855063,0.772934
542.554,0.939119,0.880788,560.66,0.948201,0.892611,562.634,0.856159,0.773883
542.593,0.939712,0.881483,560.705,0.94893,0.893317,562.676,0.857251,0.774831
542.632,0.940301,0.882175,560.75,0.949652,0.89402,562.719,0.85834,0.775778
542.671,0.940884,0.882864,560.795,0.950368,0.89472,562.762,0.859425,0.776722
542.71,0.941463,0.883552,560.84,0.951077,0.895418,562.804,0.860505,0.777664
542.749,0.942036,0.884237,560.885,0.951781,0.896113,562.847,0.861583,0.778606
542.788,0.942604,0.884919,560.93,0.952478,0.896805,562.889,0.862658,0.779546
542.827,0.943168,0.885598,560.975,0.953169,0.897494,562.932,0.863728,0.780484
542.866,0.943728,0.886276,561.019,0.953853,0.89818,562.974,0.864795,0.78142
542.905,0.944282,0.886951,561.064,0.954532,0.898863,563.017,0.865858,0.782355
542.944,0.944832,0.887623,561.109,0.955205,0.899544,563.059,0.866917,0.783288
542.983,0.945378,0.888294,561.154,0.955871,0.900222,563.102,0.867971,0.784219
543.022,0.945919,0.888962,561.199,0.956532,0.900897,563.144,0.869021,0.785148
543.061,0.946456,0.889627,561.244,0.957187,0.90157,563.187,0.870068,0.786075
543.1,0.946988,0.89029,561.289,0.957835,0.90224,563.229,0.87111,0.787
543.139,0.947516,0.890951,561.334,0.958478,0.902907,563.272,0.872149,0.787924
543.178,0.948039,0.891609,561.379,0.959114,0.903571,563.314,0.873183,0.788846
543.217,0.948556,0.892264,561.424,0.959744,0.904233,563.357,0.874214,0.789767
543.256,0.949069,0.892918,561.469,0.960368,0.904891,563.4,0.875241,0.790685
543.295,0.949576,0.893569,561.514,0.960986,0.905547,563.442,0.876264,0.791602
543.334,0.950078,0.894218,561.559,0.961598,0.9062,563.485,0.877282,0.792517
543.373,0.950576,0.894864,561.604,0.962204,0.906849,563.527,0.878297,0.79343
543.412,0.951069,0.895508,561.649,0.962804,0.907496,563.57,0.879307,0.794341
543.451,0.951557,0.896149,561.694,0.963399,0.90814,563.612,0.880313,0.79525
543.49,0.952041,0.896788,561.739,0.963987,0.908782,563.655,0.881316,0.796158
543.529,0.95252,0.897425,561.784,0.964569,0.90942,563.697,0.882313,0.797063
543.568,0.952996,0.898058,561.829,0.965146,0.910055,563.74,0.883307,0.797966
543.608,0.953468,0.89869,561.874,0.965717,0.910688,563.782,0.884298,0.798868
543.647,0.953935,0.899318,561.919,0.966282,0.911318,563.825,0.885284,0.799769
543.686,0.954397,0.899945,561.964,0.966842,0.911946,563.867,0.886267,0.800667
543.725,0.954856,0.900569,562.009,0.967396,0.912571,563.91,0.887246,0.801564
543.764,0.95531,0.90119,562.054,0.967944,0.913193,563.952,0.888221,0.802458
543.803,0.955759,0.90181,562.099,0.968487,0.913812,563.995,0.889192,0.803351
543.842,0.956203,0.902427,562.144,0.969024,0.914429,564.037,0.890159,0.804242
543.881,0.956643,0.903042,562.189,0.969555,0.915043,564.08,0.891122,0.805131
543.92,0.957079,0.903654,562.234,0.97008,0.915654,564.122,0.892082,0.806019
543.959,0.957511,0.904264,562.279,0.970599,0.916262,564.165,0.893037,0.806904
543.998,0.957938,0.904871,562.324,0.971112,0.916867,564.207,0.893988,0.807787
544.037,0.958362,0.905476,562.369,0.97162,0.91747,564.25,0.894936,0.808669
544.076,0.958781,0.906078,562.414,0.972121,0.91807,564.292,0.89588,0.809548
544.115,0.959196,0.906678,562.459,0.972616,0.918667,564.335,0.89682,0.810426
544.154,0.959607,0.907275,562.504,0.973106,0.919261,564.377,0.897755,0.811302
544.193,0.960013,0.90787,562.549,0.97359,0.919852,564.42,0.898687,0.812175
544.232,0.960414,0.908462,562.594,0.974068,0.920441,564.462,0.899614,0.813047
544.271,0.960812,0.909052,562.639,0.974541,0.921027,564.504,0.900538,0.813917
544.31,0.961206,0.90964,562.684,0.975008,0.921611,564.547,0.901457,0.814784
544.349,0.961596,0.910225,562.729,0.975469,0.922191,564.589,0.902372,0.81565
544.388,0.961982,0.910808,562.774,0.975924,0.922769,564.632,0.903283,0.816514
544.427,0.962364,0.911388,562.819,0.976374,0.923344,564.674,0.90419,0.817376
544.466,0.962741,0.911966,562.864,0.976818,0.923916,564.717,0.905092,0.818236
544.505,0.963115,0.912541,562.909,0.977256,0.924485,564.759,0.905991,0.819094
544.544,0.963486,0.913113,562.954,0.977688,0.925051,564.802,0.906885,0.819951
544.583,0.963852,0.913684,562.999,0.978116,0.925615,564.844,0.907775,0.820805
544.622,0.964215,0.914252,563.044,0.978537,0.926176,564.887,0.90866,0.821656
544.661,0.964574,0.914817,563.089,0.978954,0.926734,564.929,0.909541,0.822506
544.7,0.96493,0.915381,563.134,0.979365,0.92729,564.972,0.910418,0.823354
544.739,0.965281,0.915941,563.179,0.97977,0.927843,565.014,0.91129,0.8242
544.778,0.965629,0.9165,,,,565.057,0.912158,0.825044
544.817,0.965974,0.917056,,,,565.099,0.913023,0.825886
544.856,0.966317,0.917611,,,,565.142,0.913883,0.826726
544.895,0.966656,0.918163,,,,565.184,0.91474,0.827565
544.934,0.966992,0.918712,,,,565.227,0.915591,0.828401
544.973,0.967324,0.919259,,,,565.269,0.916438,0.829235
545.012,0.967653,0.919803,,,,565.311,0.917281,0.830067
545.051,0.96798,0.920345,,,,565.354,0.918119,0.830897
545.09,0.968304,0.920884,,,,565.396,0.918952,0.831725
545.129,0.968624,0.921421,,,,565.439,0.919781,0.83255
545.168,0.968941,0.921956,,,,565.481,0.920606,0.833374
545.207,0.969256,0.922488,,,,565.524,0.921426,0.834195
545.246,0.969567,0.923018,,,,565.566,0.922242,0.835014
545.285,0.969874,0.923545,,,,565.609,0.923054,0.835832
545.324,0.970179,0.92407,,,,565.651,0.923862,0.836648
545.363,0.97048,0.924592,,,,565.694,0.924665,0.837461
545.402,0.970777,0.925112,,,,565.736,0.925464,0.838273
545.441,0.971072,0.92563,,,,565.779,0.926257,0.839082
545.48,0.971363,0.926146,,,,565.821,0.927047,0.839889
545.519,0.971651,0.926659,,,,565.863,0.927832,0.840694
545.558,0.971936,0.92717,,,,565.906,0.928612,0.841497
545.597,0.972218,0.927679,,,,565.948,0.929388,0.842298
545.636,0.972495,0.928185,,,,565.991,0.930159,0.843096
545.675,0.97277,0.928688,,,,566.033,0.930926,0.843892
545.714,0.973042,0.92919,,,,566.076,0.931687,0.844686
545.753,0.97331,0.929689,,,,566.118,0.932445,0.845478
545.792,0.973575,0.930186,,,,566.161,0.933198,0.846268
545.831,0.973838,0.93068,,,,566.203,0.933946,0.847056
545.87,0.974098,0.931172,,,,566.245,0.934691,0.847842
545.909,0.974354,0.931662,,,,566.288,0.93543,0.848625
545.948,0.974608,0.932149,,,,566.33,0.936165,0.849407
545.987,0.974859,0.932634,,,,566.373,0.936896,0.850187
546.026,0.975108,0.933117,,,,566.415,0.937622,0.850964
546.065,0.975353,0.933597,,,,566.458,0.938344,0.85174
546.104,0.975596,0.934075,,,,566.5,0.93906,0.852513
546.143,0.975836,0.934551,,,,566.543,0.939773,0.853284
546.182,0.976074,0.935025,,,,566.585,0.940481,0.854053
546.221,0.976309,0.935496,,,,566.628,0.941185,0.85482
546.26,0.976541,0.935964,,,,566.67,0.941883,0.855584
546.299,0.976771,0.93643,,,,566.712,0.942578,0.856347
546.338,0.976999,0.936894,,,,566.755,0.943268,0.857107
546.377,0.977223,0.937356,,,,566.797,0.943954,0.857866
546.416,0.977445,0.937815,,,,566.84,0.944635,0.858622
546.455,0.977663,0.938271,,,,566.882,0.945312,0.859376
546.494,0.977879,0.938726,,,,566.925,0.945983,0.860128
546.533,0.978092,0.939178,,,,566.967,0.946651,0.860877
546.572,0.978303,0.939629,,,,567.01,0.947313,0.861624
546.611,0.978511,0.940077,,,,567.052,0.947972,0.86237
546.65,0.978716,0.940523,,,,567.095,0.948625,0.863113
546.689,0.978919,0.940966,,,,567.137,0.949273,0.863854
546.728,0.97912,0.941408,,,,567.18,0.949917,0.864592
546.767,0.979318,0.941847,,,,567.222,0.950556,0.865329
546.806,0.979513,0.942284,,,,567.265,0.951191,0.866063
546.845,0.979706,0.942718,,,,567.307,0.95182,0.866795
546.884,0.979897,0.94315,,,,567.35,0.952445,0.867525
,,,,,,567.392,0.953064,0.868252
,,,,,,567.435,0.953679,0.868977
,,,,,,567.477,0.954289,0.8697
,,,,,,567.52,0.954894,0.870421
,,,,,,567.562,0.955494,0.87114
,,,,,,567.605,0.956089,0.871856
,,,,,,567.647,0.95668,0.87257
,,,,,,567.69,0.957265,0.873282
,,,,,,567.732,0.957846,0.873991
,,,,,,567.775,0.958422,0.874699
,,,,,,567.817,0.958993,0.875404
,,,,,,567.86,0.95956,0.876107
,,,,,,567.902,0.960121,0.876808
,,,,,,567.945,0.960678,0.877506
,,,,,,567.987,0.96123,0.878203
,,,,,,568.03,0.961777,0.878897
,,,,,,568.072,0.962319,0.879589
,,,,,,568.115,0.962857,0.880278
,,,,,,568.157,0.963389,0.880966
,,,,,,568.2,0.963917,0.88165
,,,,,,568.242,0.96444,0.882333
,,,,,,568.285,0.964958,0.883013
,,,,,,568.327,0.965471,0.883691
,,,,,,568.37,0.96598,0.884367
,,,,,,568.412,0.966484,0.885039
,,,,,,568.455,0.966984,0.88571
,,,,,,568.497,0.967479,0.886379
,,,,,,568.539,0.96797,0.887045
,,,,,,568.582,0.968455,0.887708
,,,,,,568.624,0.968937,0.88837
,,,,,,568.667,0.969413,0.88903
,,,,,,568.709,0.969885,0.889686
,,,,,,568.752,0.970353,0.890341
,,,,,,568.794,0.970816,0.890993
,,,,,,568.837,0.971275,0.891643
,,,,,,568.879,0.971729,0.892291
,,,,,,568.922,0.972178,0.892937
,,,,,,568.964,0.972623,0.89358
,,,,,,569.007,0.973063,0.894221
,,,,,,569.049,0.973498,0.89486
,,,,,,569.092,0.973928,0.895496
,,,,,,569.134,0.974354,0.896129
,,,,,,569.177,0.974776,0.896761
,,,,,,569.219,0.975192,0.89739
,,,,,,569.262,0.975605,0.898016
,,,,,,569.304,0.976012,0.898641
,,,,,,569.347,0.976416,0.899263
,,,,,,569.389,0.976814,0.899883
,,,,,,569.432,0.977209,0.900501
,,,,,,569.474,0.977598,0.901116
,,,,,,569.517,0.977983,0.901729
,,,,,,569.559,0.978363,0.90234
,,,,,,569.602,0.978739,0.902949
,,,,,,569.644,0.97911,0.903555
,,,,,,569.687,0.979477,0.904158
,,,,,,569.729,0.979839,0.90476
